ValuationID,IntensityBinID,DamageBinID
1,1,0.0
1,1,0.1
1,1,0.2
1,1,0.3
1,1,0.4
1,1,0.6
1,1,0.7
1,1,0.8
1,1,0.9
1,1,1.0
1,2,0.0
1,2,0.1
1,2,0.2
1,2,0.3
1,2,0.4
1,2,0.6
1,2,0.7
1,2,0.8
1,2,0.9
1,2,1.0
1,3,0.0
1,3,0.1
1,3,0.2
1,3,0.3
1,3,0.4
1,3,0.6
1,3,0.7
1,3,0.8
1,3,0.9
1,3,1.0
1,4,0.0
1,4,0.1
1,4,0.2
1,4,0.3
1,4,0.4
1,4,0.6
1,4,0.7
1,4,0.8
1,4,0.9
1,4,1.0
1,5,0.0
1,5,0.1
1,5,0.2
1,5,0.3
1,5,0.4
1,5,0.6
1,5,0.7
1,5,0.8
1,5,0.9
1,5,1.0
1,6,0.0
1,6,0.1
1,6,0.2
1,6,0.3
1,6,0.4
1,6,0.6
1,6,0.7
1,6,0.8
1,6,0.9
1,6,1.0
1,7,0.0
1,7,0.1
1,7,0.2
1,7,0.3
1,7,0.4
1,7,0.6
1,7,0.7
1,7,0.8
1,7,0.9
1,7,1.0
1,8,0.0
1,8,0.1
1,8,0.2
1,8,0.3
1,8,0.4
1,8,0.6
1,8,0.7
1,8,0.8
1,8,0.9
1,8,1.0
1,9,0.0
1,9,0.1
1,9,0.2
1,9,0.3
1,9,0.4
1,9,0.6
1,9,0.7
1,9,0.8
1,9,0.9
1,9,1.0
1,10,0.0
1,10,0.1
1,10,0.2
1,10,0.3
1,10,0.4
1,10,0.6
1,10,0.7
1,10,0.8
1,10,0.9
1,10,1.0
1,11,0.0
1,11,0.1
1,11,0.2
1,11,0.3
1,11,0.4
1,11,0.6
1,11,0.7
1,11,0.8
1,11,0.9
1,11,1.0
1,12,0.0
1,12,0.1
1,12,0.2
1,12,0.3
1,12,0.4
1,12,0.6
1,12,0.7
1,12,0.8
1,12,0.9
1,12,1.0
1,13,0.0
1,13,0.1
1,13,0.2
1,13,0.3
1,13,0.4
1,13,0.6
1,13,0.7
1,13,0.8
1,13,0.9
1,13,1.0
1,14,0.0
1,14,0.1
1,14,0.2
1,14,0.3
1,14,0.4
1,14,0.6
1,14,0.7
1,14,0.8
1,14,0.9
1,14,1.0
1,15,0.0
1,15,0.1
1,15,0.2
1,15,0.3
1,15,0.4
1,15,0.6
1,15,0.7
1,15,0.8
1,15,0.9
1,15,1.0
1,16,0.0
1,16,0.1
1,16,0.2
1,16,0.3
1,16,0.4
1,16,0.6
1,16,0.7
1,16,0.8
1,16,0.9
1,16,1.0
1,17,0.0
1,17,0.1
1,17,0.2
1,17,0.3
1,17,0.4
1,17,0.6
1,17,0.7
1,17,0.8
1,17,0.9
1,17,1.0
1,18,0.0
1,18,0.1
1,18,0.2
1,18,0.3
1,18,0.4
1,18,0.6
1,18,0.7
1,18,0.8
1,18,0.9
1,18,1.0
1,19,0.0
1,19,0.1
1,19,0.2
1,19,0.3
1,19,0.4
1,19,0.6
1,19,0.7
1,19,0.8
1,19,0.9
1,19,1.0
1,20,0.0
1,20,0.1
1,20,0.2
1,20,0.3
1,20,0.4
1,20,0.6
1,20,0.7
1,20,0.8
1,20,0.9
1,20,1.0
1,21,0.0
1,21,0.1
1,21,0.2
1,21,0.3
1,21,0.4
1,21,0.6
1,21,0.7
1,21,0.8
1,21,0.9
1,21,1.0
1,22,0.0
1,22,0.1
1,22,0.2
1,22,0.3
1,22,0.4
1,22,0.6
1,22,0.7
1,22,0.8
1,22,0.9
1,22,1.0
1,23,0.0
1,23,0.1
1,23,0.2
1,23,0.3
1,23,0.4
1,23,0.6
1,23,0.7
1,23,0.8
1,23,0.9
1,23,1.0
1,24,0.0
1,24,0.1
1,24,0.2
1,24,0.3
1,24,0.4
1,24,0.6
1,24,0.7
1,24,0.8
1,24,0.9
1,24,1.0
1,25,0.0
1,25,0.1
1,25,0.2
1,25,0.3
1,25,0.4
1,25,0.6
1,25,0.7
1,25,0.8
1,25,0.9
1,25,1.0
1,26,0.0
1,26,0.1
1,26,0.2
1,26,0.3
1,26,0.4
1,26,0.6
1,26,0.7
1,26,0.8
1,26,0.9
1,26,1.0
1,27,0.0
1,27,0.1
1,27,0.2
1,27,0.3
1,27,0.4
1,27,0.6
1,27,0.7
1,27,0.8
1,27,0.9
1,27,1.0
1,28,0.0
1,28,0.1
1,28,0.2
1,28,0.3
1,28,0.4
1,28,0.6
1,28,0.7
1,28,0.8
1,28,0.9
1,28,1.0
1,29,0.0
1,29,0.1
1,29,0.2
1,29,0.3
1,29,0.4
1,29,0.6
1,29,0.7
1,29,0.8
1,29,0.9
1,29,1.0
1,30,0.0
1,30,0.1
1,30,0.2
1,30,0.3
1,30,0.4
1,30,0.6
1,30,0.7
1,30,0.8
1,30,0.9
1,30,1.0
1,31,0.0
1,31,0.1
1,31,0.2
1,31,0.3
1,31,0.4
1,31,0.6
1,31,0.7
1,31,0.8
1,31,0.9
1,31,1.0
1,32,0.0
1,32,0.1
1,32,0.2
1,32,0.3
1,32,0.4
1,32,0.6
1,32,0.7
1,32,0.8
1,32,0.9
1,32,1.0
1,33,0.0
1,33,0.1
1,33,0.2
1,33,0.3
1,33,0.4
1,33,0.6
1,33,0.7
1,33,0.8
1,33,0.9
1,33,1.0
1,34,0.0
1,34,0.1
1,34,0.2
1,34,0.3
1,34,0.4
1,34,0.6
1,34,0.7
1,34,0.8
1,34,0.9
1,34,1.0
1,35,0.0
1,35,0.1
1,35,0.2
1,35,0.3
1,35,0.4
1,35,0.6
1,35,0.7
1,35,0.8
1,35,0.9
1,35,1.0
1,36,0.0
1,36,0.1
1,36,0.2
1,36,0.3
1,36,0.4
1,36,0.6
1,36,0.7
1,36,0.8
1,36,0.9
1,36,1.0
1,37,0.0
1,37,0.1
1,37,0.2
1,37,0.3
1,37,0.4
1,37,0.6
1,37,0.7
1,37,0.8
1,37,0.9
1,37,1.0
1,38,0.0
1,38,0.1
1,38,0.2
1,38,0.3
1,38,0.4
1,38,0.6
1,38,0.7
1,38,0.8
1,38,0.9
1,38,1.0
1,39,0.0
1,39,0.1
1,39,0.2
1,39,0.3
1,39,0.4
1,39,0.6
1,39,0.7
1,39,0.8
1,39,0.9
1,39,1.0
1,40,0.0
1,40,0.1
1,40,0.2
1,40,0.3
1,40,0.4
1,40,0.6
1,40,0.7
1,40,0.8
1,40,0.9
1,40,1.0
1,41,0.0
1,41,0.1
1,41,0.2
1,41,0.3
1,41,0.4
1,41,0.6
1,41,0.7
1,41,0.8
1,41,0.9
1,41,1.0
1,42,0.0
1,42,0.1
1,42,0.2
1,42,0.3
1,42,0.4
1,42,0.6
1,42,0.7
1,42,0.8
1,42,0.9
1,42,1.0
1,43,0.0
1,43,0.1
1,43,0.2
1,43,0.3
1,43,0.4
1,43,0.6
1,43,0.7
1,43,0.8
1,43,0.9
1,43,1.0
1,44,0.0
1,44,0.1
1,44,0.2
1,44,0.3
1,44,0.4
1,44,0.6
1,44,0.7
1,44,0.8
1,44,0.9
1,44,1.0
1,45,0.0
1,45,0.1
1,45,0.2
1,45,0.3
1,45,0.4
1,45,0.6
1,45,0.7
1,45,0.8
1,45,0.9
1,45,1.0
1,46,0.0
1,46,0.1
1,46,0.2
1,46,0.3
1,46,0.4
1,46,0.6
1,46,0.7
1,46,0.8
1,46,0.9
1,46,1.0
1,47,0.0
1,47,0.1
1,47,0.2
1,47,0.3
1,47,0.4
1,47,0.6
1,47,0.7
1,47,0.8
1,47,0.9
1,47,1.0
1,48,0.0
1,48,0.1
1,48,0.2
1,48,0.3
1,48,0.4
1,48,0.6
1,48,0.7
1,48,0.8
1,48,0.9
1,48,1.0
1,49,0.0
1,49,0.1
1,49,0.2
1,49,0.3
1,49,0.4
1,49,0.6
1,49,0.7
1,49,0.8
1,49,0.9
1,49,1.0
1,50,0.0
1,50,0.1
1,50,0.2
1,50,0.3
1,50,0.4
1,50,0.6
1,50,0.7
1,50,0.8
1,50,0.9
1,50,1.0
2,1,0.0
2,1,0.1
2,1,0.2
2,1,0.3
2,1,0.4
2,1,0.6
2,1,0.7
2,1,0.8
2,1,0.9
2,1,1.0
2,2,0.0
2,2,0.1
2,2,0.2
2,2,0.3
2,2,0.4
2,2,0.6
2,2,0.7
2,2,0.8
2,2,0.9
2,2,1.0
2,3,0.0
2,3,0.1
2,3,0.2
2,3,0.3
2,3,0.4
2,3,0.6
2,3,0.7
2,3,0.8
2,3,0.9
2,3,1.0
2,4,0.0
2,4,0.1
2,4,0.2
2,4,0.3
2,4,0.4
2,4,0.6
2,4,0.7
2,4,0.8
2,4,0.9
2,4,1.0
2,5,0.0
2,5,0.1
2,5,0.2
2,5,0.3
2,5,0.4
2,5,0.6
2,5,0.7
2,5,0.8
2,5,0.9
2,5,1.0
2,6,0.0
2,6,0.1
2,6,0.2
2,6,0.3
2,6,0.4
2,6,0.6
2,6,0.7
2,6,0.8
2,6,0.9
2,6,1.0
2,7,0.0
2,7,0.1
2,7,0.2
2,7,0.3
2,7,0.4
2,7,0.6
2,7,0.7
2,7,0.8
2,7,0.9
2,7,1.0
2,8,0.0
2,8,0.1
2,8,0.2
2,8,0.3
2,8,0.4
2,8,0.6
2,8,0.7
2,8,0.8
2,8,0.9
2,8,1.0
2,9,0.0
2,9,0.1
2,9,0.2
2,9,0.3
2,9,0.4
2,9,0.6
2,9,0.7
2,9,0.8
2,9,0.9
2,9,1.0
2,10,0.0
2,10,0.1
2,10,0.2
2,10,0.3
2,10,0.4
2,10,0.6
2,10,0.7
2,10,0.8
2,10,0.9
2,10,1.0
2,11,0.0
2,11,0.1
2,11,0.2
2,11,0.3
2,11,0.4
2,11,0.6
2,11,0.7
2,11,0.8
2,11,0.9
2,11,1.0
2,12,0.0
2,12,0.1
2,12,0.2
2,12,0.3
2,12,0.4
2,12,0.6
2,12,0.7
2,12,0.8
2,12,0.9
2,12,1.0
2,13,0.0
2,13,0.1
2,13,0.2
2,13,0.3
2,13,0.4
2,13,0.6
2,13,0.7
2,13,0.8
2,13,0.9
2,13,1.0
2,14,0.0
2,14,0.1
2,14,0.2
2,14,0.3
2,14,0.4
2,14,0.6
2,14,0.7
2,14,0.8
2,14,0.9
2,14,1.0
2,15,0.0
2,15,0.1
2,15,0.2
2,15,0.3
2,15,0.4
2,15,0.6
2,15,0.7
2,15,0.8
2,15,0.9
2,15,1.0
2,16,0.0
2,16,0.1
2,16,0.2
2,16,0.3
2,16,0.4
2,16,0.6
2,16,0.7
2,16,0.8
2,16,0.9
2,16,1.0
2,17,0.0
2,17,0.1
2,17,0.2
2,17,0.3
2,17,0.4
2,17,0.6
2,17,0.7
2,17,0.8
2,17,0.9
2,17,1.0
2,18,0.0
2,18,0.1
2,18,0.2
2,18,0.3
2,18,0.4
2,18,0.6
2,18,0.7
2,18,0.8
2,18,0.9
2,18,1.0
2,19,0.0
2,19,0.1
2,19,0.2
2,19,0.3
2,19,0.4
2,19,0.6
2,19,0.7
2,19,0.8
2,19,0.9
2,19,1.0
2,20,0.0
2,20,0.1
2,20,0.2
2,20,0.3
2,20,0.4
2,20,0.6
2,20,0.7
2,20,0.8
2,20,0.9
2,20,1.0
2,21,0.0
2,21,0.1
2,21,0.2
2,21,0.3
2,21,0.4
2,21,0.6
2,21,0.7
2,21,0.8
2,21,0.9
2,21,1.0
2,22,0.0
2,22,0.1
2,22,0.2
2,22,0.3
2,22,0.4
2,22,0.6
2,22,0.7
2,22,0.8
2,22,0.9
2,22,1.0
2,23,0.0
2,23,0.1
2,23,0.2
2,23,0.3
2,23,0.4
2,23,0.6
2,23,0.7
2,23,0.8
2,23,0.9
2,23,1.0
2,24,0.0
2,24,0.1
2,24,0.2
2,24,0.3
2,24,0.4
2,24,0.6
2,24,0.7
2,24,0.8
2,24,0.9
2,24,1.0
2,25,0.0
2,25,0.1
2,25,0.2
2,25,0.3
2,25,0.4
2,25,0.6
2,25,0.7
2,25,0.8
2,25,0.9
2,25,1.0
2,26,0.0
2,26,0.1
2,26,0.2
2,26,0.3
2,26,0.4
2,26,0.6
2,26,0.7
2,26,0.8
2,26,0.9
2,26,1.0
2,27,0.0
2,27,0.1
2,27,0.2
2,27,0.3
2,27,0.4
2,27,0.6
2,27,0.7
2,27,0.8
2,27,0.9
2,27,1.0
2,28,0.0
2,28,0.1
2,28,0.2
2,28,0.3
2,28,0.4
2,28,0.6
2,28,0.7
2,28,0.8
2,28,0.9
2,28,1.0
2,29,0.0
2,29,0.1
2,29,0.2
2,29,0.3
2,29,0.4
2,29,0.6
2,29,0.7
2,29,0.8
2,29,0.9
2,29,1.0
2,30,0.0
2,30,0.1
2,30,0.2
2,30,0.3
2,30,0.4
2,30,0.6
2,30,0.7
2,30,0.8
2,30,0.9
2,30,1.0
2,31,0.0
2,31,0.1
2,31,0.2
2,31,0.3
2,31,0.4
2,31,0.6
2,31,0.7
2,31,0.8
2,31,0.9
2,31,1.0
2,32,0.0
2,32,0.1
2,32,0.2
2,32,0.3
2,32,0.4
2,32,0.6
2,32,0.7
2,32,0.8
2,32,0.9
2,32,1.0
2,33,0.0
2,33,0.1
2,33,0.2
2,33,0.3
2,33,0.4
2,33,0.6
2,33,0.7
2,33,0.8
2,33,0.9
2,33,1.0
2,34,0.0
2,34,0.1
2,34,0.2
2,34,0.3
2,34,0.4
2,34,0.6
2,34,0.7
2,34,0.8
2,34,0.9
2,34,1.0
2,35,0.0
2,35,0.1
2,35,0.2
2,35,0.3
2,35,0.4
2,35,0.6
2,35,0.7
2,35,0.8
2,35,0.9
2,35,1.0
2,36,0.0
2,36,0.1
2,36,0.2
2,36,0.3
2,36,0.4
2,36,0.6
2,36,0.7
2,36,0.8
2,36,0.9
2,36,1.0
2,37,0.0
2,37,0.1
2,37,0.2
2,37,0.3
2,37,0.4
2,37,0.6
2,37,0.7
2,37,0.8
2,37,0.9
2,37,1.0
2,38,0.0
2,38,0.1
2,38,0.2
2,38,0.3
2,38,0.4
2,38,0.6
2,38,0.7
2,38,0.8
2,38,0.9
2,38,1.0
2,39,0.0
2,39,0.1
2,39,0.2
2,39,0.3
2,39,0.4
2,39,0.6
2,39,0.7
2,39,0.8
2,39,0.9
2,39,1.0
2,40,0.0
2,40,0.1
2,40,0.2
2,40,0.3
2,40,0.4
2,40,0.6
2,40,0.7
2,40,0.8
2,40,0.9
2,40,1.0
2,41,0.0
2,41,0.1
2,41,0.2
2,41,0.3
2,41,0.4
2,41,0.6
2,41,0.7
2,41,0.8
2,41,0.9
2,41,1.0
2,42,0.0
2,42,0.1
2,42,0.2
2,42,0.3
2,42,0.4
2,42,0.6
2,42,0.7
2,42,0.8
2,42,0.9
2,42,1.0
2,43,0.0
2,43,0.1
2,43,0.2
2,43,0.3
2,43,0.4
2,43,0.6
2,43,0.7
2,43,0.8
2,43,0.9
2,43,1.0
2,44,0.0
2,44,0.1
2,44,0.2
2,44,0.3
2,44,0.4
2,44,0.6
2,44,0.7
2,44,0.8
2,44,0.9
2,44,1.0
2,45,0.0
2,45,0.1
2,45,0.2
2,45,0.3
2,45,0.4
2,45,0.6
2,45,0.7
2,45,0.8
2,45,0.9
2,45,1.0
2,46,0.0
2,46,0.1
2,46,0.2
2,46,0.3
2,46,0.4
2,46,0.6
2,46,0.7
2,46,0.8
2,46,0.9
2,46,1.0
2,47,0.0
2,47,0.1
2,47,0.2
2,47,0.3
2,47,0.4
2,47,0.6
2,47,0.7
2,47,0.8
2,47,0.9
2,47,1.0
2,48,0.0
2,48,0.1
2,48,0.2
2,48,0.3
2,48,0.4
2,48,0.6
2,48,0.7
2,48,0.8
2,48,0.9
2,48,1.0
2,49,0.0
2,49,0.1
2,49,0.2
2,49,0.3
2,49,0.4
2,49,0.6
2,49,0.7
2,49,0.8
2,49,0.9
2,49,1.0
2,50,0.0
2,50,0.1
2,50,0.2
2,50,0.3
2,50,0.4
2,50,0.6
2,50,0.7
2,50,0.8
2,50,0.9
2,50,1.0
3,1,0.0
3,1,0.1
3,1,0.2
3,1,0.3
3,1,0.4
3,1,0.6
3,1,0.7
3,1,0.8
3,1,0.9
3,1,1.0
3,2,0.0
3,2,0.1
3,2,0.2
3,2,0.3
3,2,0.4
3,2,0.6
3,2,0.7
3,2,0.8
3,2,0.9
3,2,1.0
3,3,0.0
3,3,0.1
3,3,0.2
3,3,0.3
3,3,0.4
3,3,0.6
3,3,0.7
3,3,0.8
3,3,0.9
3,3,1.0
3,4,0.0
3,4,0.1
3,4,0.2
3,4,0.3
3,4,0.4
3,4,0.6
3,4,0.7
3,4,0.8
3,4,0.9
3,4,1.0
3,5,0.0
3,5,0.1
3,5,0.2
3,5,0.3
3,5,0.4
3,5,0.6
3,5,0.7
3,5,0.8
3,5,0.9
3,5,1.0
3,6,0.0
3,6,0.1
3,6,0.2
3,6,0.3
3,6,0.4
3,6,0.6
3,6,0.7
3,6,0.8
3,6,0.9
3,6,1.0
3,7,0.0
3,7,0.1
3,7,0.2
3,7,0.3
3,7,0.4
3,7,0.6
3,7,0.7
3,7,0.8
3,7,0.9
3,7,1.0
3,8,0.0
3,8,0.1
3,8,0.2
3,8,0.3
3,8,0.4
3,8,0.6
3,8,0.7
3,8,0.8
3,8,0.9
3,8,1.0
3,9,0.0
3,9,0.1
3,9,0.2
3,9,0.3
3,9,0.4
3,9,0.6
3,9,0.7
3,9,0.8
3,9,0.9
3,9,1.0
3,10,0.0
3,10,0.1
3,10,0.2
3,10,0.3
3,10,0.4
3,10,0.6
3,10,0.7
3,10,0.8
3,10,0.9
3,10,1.0
3,11,0.0
3,11,0.1
3,11,0.2
3,11,0.3
3,11,0.4
3,11,0.6
3,11,0.7
3,11,0.8
3,11,0.9
3,11,1.0
3,12,0.0
3,12,0.1
3,12,0.2
3,12,0.3
3,12,0.4
3,12,0.6
3,12,0.7
3,12,0.8
3,12,0.9
3,12,1.0
3,13,0.0
3,13,0.1
3,13,0.2
3,13,0.3
3,13,0.4
3,13,0.6
3,13,0.7
3,13,0.8
3,13,0.9
3,13,1.0
3,14,0.0
3,14,0.1
3,14,0.2
3,14,0.3
3,14,0.4
3,14,0.6
3,14,0.7
3,14,0.8
3,14,0.9
3,14,1.0
3,15,0.0
3,15,0.1
3,15,0.2
3,15,0.3
3,15,0.4
3,15,0.6
3,15,0.7
3,15,0.8
3,15,0.9
3,15,1.0
3,16,0.0
3,16,0.1
3,16,0.2
3,16,0.3
3,16,0.4
3,16,0.6
3,16,0.7
3,16,0.8
3,16,0.9
3,16,1.0
3,17,0.0
3,17,0.1
3,17,0.2
3,17,0.3
3,17,0.4
3,17,0.6
3,17,0.7
3,17,0.8
3,17,0.9
3,17,1.0
3,18,0.0
3,18,0.1
3,18,0.2
3,18,0.3
3,18,0.4
3,18,0.6
3,18,0.7
3,18,0.8
3,18,0.9
3,18,1.0
3,19,0.0
3,19,0.1
3,19,0.2
3,19,0.3
3,19,0.4
3,19,0.6
3,19,0.7
3,19,0.8
3,19,0.9
3,19,1.0
3,20,0.0
3,20,0.1
3,20,0.2
3,20,0.3
3,20,0.4
3,20,0.6
3,20,0.7
3,20,0.8
3,20,0.9
3,20,1.0
3,21,0.0
3,21,0.1
3,21,0.2
3,21,0.3
3,21,0.4
3,21,0.6
3,21,0.7
3,21,0.8
3,21,0.9
3,21,1.0
3,22,0.0
3,22,0.1
3,22,0.2
3,22,0.3
3,22,0.4
3,22,0.6
3,22,0.7
3,22,0.8
3,22,0.9
3,22,1.0
3,23,0.0
3,23,0.1
3,23,0.2
3,23,0.3
3,23,0.4
3,23,0.6
3,23,0.7
3,23,0.8
3,23,0.9
3,23,1.0
3,24,0.0
3,24,0.1
3,24,0.2
3,24,0.3
3,24,0.4
3,24,0.6
3,24,0.7
3,24,0.8
3,24,0.9
3,24,1.0
3,25,0.0
3,25,0.1
3,25,0.2
3,25,0.3
3,25,0.4
3,25,0.6
3,25,0.7
3,25,0.8
3,25,0.9
3,25,1.0
3,26,0.0
3,26,0.1
3,26,0.2
3,26,0.3
3,26,0.4
3,26,0.6
3,26,0.7
3,26,0.8
3,26,0.9
3,26,1.0
3,27,0.0
3,27,0.1
3,27,0.2
3,27,0.3
3,27,0.4
3,27,0.6
3,27,0.7
3,27,0.8
3,27,0.9
3,27,1.0
3,28,0.0
3,28,0.1
3,28,0.2
3,28,0.3
3,28,0.4
3,28,0.6
3,28,0.7
3,28,0.8
3,28,0.9
3,28,1.0
3,29,0.0
3,29,0.1
3,29,0.2
3,29,0.3
3,29,0.4
3,29,0.6
3,29,0.7
3,29,0.8
3,29,0.9
3,29,1.0
3,30,0.0
3,30,0.1
3,30,0.2
3,30,0.3
3,30,0.4
3,30,0.6
3,30,0.7
3,30,0.8
3,30,0.9
3,30,1.0
3,31,0.0
3,31,0.1
3,31,0.2
3,31,0.3
3,31,0.4
3,31,0.6
3,31,0.7
3,31,0.8
3,31,0.9
3,31,1.0
3,32,0.0
3,32,0.1
3,32,0.2
3,32,0.3
3,32,0.4
3,32,0.6
3,32,0.7
3,32,0.8
3,32,0.9
3,32,1.0
3,33,0.0
3,33,0.1
3,33,0.2
3,33,0.3
3,33,0.4
3,33,0.6
3,33,0.7
3,33,0.8
3,33,0.9
3,33,1.0
3,34,0.0
3,34,0.1
3,34,0.2
3,34,0.3
3,34,0.4
3,34,0.6
3,34,0.7
3,34,0.8
3,34,0.9
3,34,1.0
3,35,0.0
3,35,0.1
3,35,0.2
3,35,0.3
3,35,0.4
3,35,0.6
3,35,0.7
3,35,0.8
3,35,0.9
3,35,1.0
3,36,0.0
3,36,0.1
3,36,0.2
3,36,0.3
3,36,0.4
3,36,0.6
3,36,0.7
3,36,0.8
3,36,0.9
3,36,1.0
3,37,0.0
3,37,0.1
3,37,0.2
3,37,0.3
3,37,0.4
3,37,0.6
3,37,0.7
3,37,0.8
3,37,0.9
3,37,1.0
3,38,0.0
3,38,0.1
3,38,0.2
3,38,0.3
3,38,0.4
3,38,0.6
3,38,0.7
3,38,0.8
3,38,0.9
3,38,1.0
3,39,0.0
3,39,0.1
3,39,0.2
3,39,0.3
3,39,0.4
3,39,0.6
3,39,0.7
3,39,0.8
3,39,0.9
3,39,1.0
3,40,0.0
3,40,0.1
3,40,0.2
3,40,0.3
3,40,0.4
3,40,0.6
3,40,0.7
3,40,0.8
3,40,0.9
3,40,1.0
3,41,0.0
3,41,0.1
3,41,0.2
3,41,0.3
3,41,0.4
3,41,0.6
3,41,0.7
3,41,0.8
3,41,0.9
3,41,1.0
3,42,0.0
3,42,0.1
3,42,0.2
3,42,0.3
3,42,0.4
3,42,0.6
3,42,0.7
3,42,0.8
3,42,0.9
3,42,1.0
3,43,0.0
3,43,0.1
3,43,0.2
3,43,0.3
3,43,0.4
3,43,0.6
3,43,0.7
3,43,0.8
3,43,0.9
3,43,1.0
3,44,0.0
3,44,0.1
3,44,0.2
3,44,0.3
3,44,0.4
3,44,0.6
3,44,0.7
3,44,0.8
3,44,0.9
3,44,1.0
3,45,0.0
3,45,0.1
3,45,0.2
3,45,0.3
3,45,0.4
3,45,0.6
3,45,0.7
3,45,0.8
3,45,0.9
3,45,1.0
3,46,0.0
3,46,0.1
3,46,0.2
3,46,0.3
3,46,0.4
3,46,0.6
3,46,0.7
3,46,0.8
3,46,0.9
3,46,1.0
3,47,0.0
3,47,0.1
3,47,0.2
3,47,0.3
3,47,0.4
3,47,0.6
3,47,0.7
3,47,0.8
3,47,0.9
3,47,1.0
3,48,0.0
3,48,0.1
3,48,0.2
3,48,0.3
3,48,0.4
3,48,0.6
3,48,0.7
3,48,0.8
3,48,0.9
3,48,1.0
3,49,0.0
3,49,0.1
3,49,0.2
3,49,0.3
3,49,0.4
3,49,0.6
3,49,0.7
3,49,0.8
3,49,0.9
3,49,1.0
3,50,0.0
3,50,0.1
3,50,0.2
3,50,0.3
3,50,0.4
3,50,0.6
3,50,0.7
3,50,0.8
3,50,0.9
3,50,1.0
4,1,0.0
4,1,0.1
4,1,0.2
4,1,0.3
4,1,0.4
4,1,0.6
4,1,0.7
4,1,0.8
4,1,0.9
4,1,1.0
4,2,0.0
4,2,0.1
4,2,0.2
4,2,0.3
4,2,0.4
4,2,0.6
4,2,0.7
4,2,0.8
4,2,0.9
4,2,1.0
4,3,0.0
4,3,0.1
4,3,0.2
4,3,0.3
4,3,0.4
4,3,0.6
4,3,0.7
4,3,0.8
4,3,0.9
4,3,1.0
4,4,0.0
4,4,0.1
4,4,0.2
4,4,0.3
4,4,0.4
4,4,0.6
4,4,0.7
4,4,0.8
4,4,0.9
4,4,1.0
4,5,0.0
4,5,0.1
4,5,0.2
4,5,0.3
4,5,0.4
4,5,0.6
4,5,0.7
4,5,0.8
4,5,0.9
4,5,1.0
4,6,0.0
4,6,0.1
4,6,0.2
4,6,0.3
4,6,0.4
4,6,0.6
4,6,0.7
4,6,0.8
4,6,0.9
4,6,1.0
4,7,0.0
4,7,0.1
4,7,0.2
4,7,0.3
4,7,0.4
4,7,0.6
4,7,0.7
4,7,0.8
4,7,0.9
4,7,1.0
4,8,0.0
4,8,0.1
4,8,0.2
4,8,0.3
4,8,0.4
4,8,0.6
4,8,0.7
4,8,0.8
4,8,0.9
4,8,1.0
4,9,0.0
4,9,0.1
4,9,0.2
4,9,0.3
4,9,0.4
4,9,0.6
4,9,0.7
4,9,0.8
4,9,0.9
4,9,1.0
4,10,0.0
4,10,0.1
4,10,0.2
4,10,0.3
4,10,0.4
4,10,0.6
4,10,0.7
4,10,0.8
4,10,0.9
4,10,1.0
4,11,0.0
4,11,0.1
4,11,0.2
4,11,0.3
4,11,0.4
4,11,0.6
4,11,0.7
4,11,0.8
4,11,0.9
4,11,1.0
4,12,0.0
4,12,0.1
4,12,0.2
4,12,0.3
4,12,0.4
4,12,0.6
4,12,0.7
4,12,0.8
4,12,0.9
4,12,1.0
4,13,0.0
4,13,0.1
4,13,0.2
4,13,0.3
4,13,0.4
4,13,0.6
4,13,0.7
4,13,0.8
4,13,0.9
4,13,1.0
4,14,0.0
4,14,0.1
4,14,0.2
4,14,0.3
4,14,0.4
4,14,0.6
4,14,0.7
4,14,0.8
4,14,0.9
4,14,1.0
4,15,0.0
4,15,0.1
4,15,0.2
4,15,0.3
4,15,0.4
4,15,0.6
4,15,0.7
4,15,0.8
4,15,0.9
4,15,1.0
4,16,0.0
4,16,0.1
4,16,0.2
4,16,0.3
4,16,0.4
4,16,0.6
4,16,0.7
4,16,0.8
4,16,0.9
4,16,1.0
4,17,0.0
4,17,0.1
4,17,0.2
4,17,0.3
4,17,0.4
4,17,0.6
4,17,0.7
4,17,0.8
4,17,0.9
4,17,1.0
4,18,0.0
4,18,0.1
4,18,0.2
4,18,0.3
4,18,0.4
4,18,0.6
4,18,0.7
4,18,0.8
4,18,0.9
4,18,1.0
4,19,0.0
4,19,0.1
4,19,0.2
4,19,0.3
4,19,0.4
4,19,0.6
4,19,0.7
4,19,0.8
4,19,0.9
4,19,1.0
4,20,0.0
4,20,0.1
4,20,0.2
4,20,0.3
4,20,0.4
4,20,0.6
4,20,0.7
4,20,0.8
4,20,0.9
4,20,1.0
4,21,0.0
4,21,0.1
4,21,0.2
4,21,0.3
4,21,0.4
4,21,0.6
4,21,0.7
4,21,0.8
4,21,0.9
4,21,1.0
4,22,0.0
4,22,0.1
4,22,0.2
4,22,0.3
4,22,0.4
4,22,0.6
4,22,0.7
4,22,0.8
4,22,0.9
4,22,1.0
4,23,0.0
4,23,0.1
4,23,0.2
4,23,0.3
4,23,0.4
4,23,0.6
4,23,0.7
4,23,0.8
4,23,0.9
4,23,1.0
4,24,0.0
4,24,0.1
4,24,0.2
4,24,0.3
4,24,0.4
4,24,0.6
4,24,0.7
4,24,0.8
4,24,0.9
4,24,1.0
4,25,0.0
4,25,0.1
4,25,0.2
4,25,0.3
4,25,0.4
4,25,0.6
4,25,0.7
4,25,0.8
4,25,0.9
4,25,1.0
4,26,0.0
4,26,0.1
4,26,0.2
4,26,0.3
4,26,0.4
4,26,0.6
4,26,0.7
4,26,0.8
4,26,0.9
4,26,1.0
4,27,0.0
4,27,0.1
4,27,0.2
4,27,0.3
4,27,0.4
4,27,0.6
4,27,0.7
4,27,0.8
4,27,0.9
4,27,1.0
4,28,0.0
4,28,0.1
4,28,0.2
4,28,0.3
4,28,0.4
4,28,0.6
4,28,0.7
4,28,0.8
4,28,0.9
4,28,1.0
4,29,0.0
4,29,0.1
4,29,0.2
4,29,0.3
4,29,0.4
4,29,0.6
4,29,0.7
4,29,0.8
4,29,0.9
4,29,1.0
4,30,0.0
4,30,0.1
4,30,0.2
4,30,0.3
4,30,0.4
4,30,0.6
4,30,0.7
4,30,0.8
4,30,0.9
4,30,1.0
4,31,0.0
4,31,0.1
4,31,0.2
4,31,0.3
4,31,0.4
4,31,0.6
4,31,0.7
4,31,0.8
4,31,0.9
4,31,1.0
4,32,0.0
4,32,0.1
4,32,0.2
4,32,0.3
4,32,0.4
4,32,0.6
4,32,0.7
4,32,0.8
4,32,0.9
4,32,1.0
4,33,0.0
4,33,0.1
4,33,0.2
4,33,0.3
4,33,0.4
4,33,0.6
4,33,0.7
4,33,0.8
4,33,0.9
4,33,1.0
4,34,0.0
4,34,0.1
4,34,0.2
4,34,0.3
4,34,0.4
4,34,0.6
4,34,0.7
4,34,0.8
4,34,0.9
4,34,1.0
4,35,0.0
4,35,0.1
4,35,0.2
4,35,0.3
4,35,0.4
4,35,0.6
4,35,0.7
4,35,0.8
4,35,0.9
4,35,1.0
4,36,0.0
4,36,0.1
4,36,0.2
4,36,0.3
4,36,0.4
4,36,0.6
4,36,0.7
4,36,0.8
4,36,0.9
4,36,1.0
4,37,0.0
4,37,0.1
4,37,0.2
4,37,0.3
4,37,0.4
4,37,0.6
4,37,0.7
4,37,0.8
4,37,0.9
4,37,1.0
4,38,0.0
4,38,0.1
4,38,0.2
4,38,0.3
4,38,0.4
4,38,0.6
4,38,0.7
4,38,0.8
4,38,0.9
4,38,1.0
4,39,0.0
4,39,0.1
4,39,0.2
4,39,0.3
4,39,0.4
4,39,0.6
4,39,0.7
4,39,0.8
4,39,0.9
4,39,1.0
4,40,0.0
4,40,0.1
4,40,0.2
4,40,0.3
4,40,0.4
4,40,0.6
4,40,0.7
4,40,0.8
4,40,0.9
4,40,1.0
4,41,0.0
4,41,0.1
4,41,0.2
4,41,0.3
4,41,0.4
4,41,0.6
4,41,0.7
4,41,0.8
4,41,0.9
4,41,1.0
4,42,0.0
4,42,0.1
4,42,0.2
4,42,0.3
4,42,0.4
4,42,0.6
4,42,0.7
4,42,0.8
4,42,0.9
4,42,1.0
4,43,0.0
4,43,0.1
4,43,0.2
4,43,0.3
4,43,0.4
4,43,0.6
4,43,0.7
4,43,0.8
4,43,0.9
4,43,1.0
4,44,0.0
4,44,0.1
4,44,0.2
4,44,0.3
4,44,0.4
4,44,0.6
4,44,0.7
4,44,0.8
4,44,0.9
4,44,1.0
4,45,0.0
4,45,0.1
4,45,0.2
4,45,0.3
4,45,0.4
4,45,0.6
4,45,0.7
4,45,0.8
4,45,0.9
4,45,1.0
4,46,0.0
4,46,0.1
4,46,0.2
4,46,0.3
4,46,0.4
4,46,0.6
4,46,0.7
4,46,0.8
4,46,0.9
4,46,1.0
4,47,0.0
4,47,0.1
4,47,0.2
4,47,0.3
4,47,0.4
4,47,0.6
4,47,0.7
4,47,0.8
4,47,0.9
4,47,1.0
4,48,0.0
4,48,0.1
4,48,0.2
4,48,0.3
4,48,0.4
4,48,0.6
4,48,0.7
4,48,0.8
4,48,0.9
4,48,1.0
4,49,0.0
4,49,0.1
4,49,0.2
4,49,0.3
4,49,0.4
4,49,0.6
4,49,0.7
4,49,0.8
4,49,0.9
4,49,1.0
4,50,0.0
4,50,0.1
4,50,0.2
4,50,0.3
4,50,0.4
4,50,0.6
4,50,0.7
4,50,0.8
4,50,0.9
4,50,1.0
5,1,0.0
5,1,0.1
5,1,0.2
5,1,0.3
5,1,0.4
5,1,0.6
5,1,0.7
5,1,0.8
5,1,0.9
5,1,1.0
5,2,0.0
5,2,0.1
5,2,0.2
5,2,0.3
5,2,0.4
5,2,0.6
5,2,0.7
5,2,0.8
5,2,0.9
5,2,1.0
5,3,0.0
5,3,0.1
5,3,0.2
5,3,0.3
5,3,0.4
5,3,0.6
5,3,0.7
5,3,0.8
5,3,0.9
5,3,1.0
5,4,0.0
5,4,0.1
5,4,0.2
5,4,0.3
5,4,0.4
5,4,0.6
5,4,0.7
5,4,0.8
5,4,0.9
5,4,1.0
5,5,0.0
5,5,0.1
5,5,0.2
5,5,0.3
5,5,0.4
5,5,0.6
5,5,0.7
5,5,0.8
5,5,0.9
5,5,1.0
5,6,0.0
5,6,0.1
5,6,0.2
5,6,0.3
5,6,0.4
5,6,0.6
5,6,0.7
5,6,0.8
5,6,0.9
5,6,1.0
5,7,0.0
5,7,0.1
5,7,0.2
5,7,0.3
5,7,0.4
5,7,0.6
5,7,0.7
5,7,0.8
5,7,0.9
5,7,1.0
5,8,0.0
5,8,0.1
5,8,0.2
5,8,0.3
5,8,0.4
5,8,0.6
5,8,0.7
5,8,0.8
5,8,0.9
5,8,1.0
5,9,0.0
5,9,0.1
5,9,0.2
5,9,0.3
5,9,0.4
5,9,0.6
5,9,0.7
5,9,0.8
5,9,0.9
5,9,1.0
5,10,0.0
5,10,0.1
5,10,0.2
5,10,0.3
5,10,0.4
5,10,0.6
5,10,0.7
5,10,0.8
5,10,0.9
5,10,1.0
5,11,0.0
5,11,0.1
5,11,0.2
5,11,0.3
5,11,0.4
5,11,0.6
5,11,0.7
5,11,0.8
5,11,0.9
5,11,1.0
5,12,0.0
5,12,0.1
5,12,0.2
5,12,0.3
5,12,0.4
5,12,0.6
5,12,0.7
5,12,0.8
5,12,0.9
5,12,1.0
5,13,0.0
5,13,0.1
5,13,0.2
5,13,0.3
5,13,0.4
5,13,0.6
5,13,0.7
5,13,0.8
5,13,0.9
5,13,1.0
5,14,0.0
5,14,0.1
5,14,0.2
5,14,0.3
5,14,0.4
5,14,0.6
5,14,0.7
5,14,0.8
5,14,0.9
5,14,1.0
5,15,0.0
5,15,0.1
5,15,0.2
5,15,0.3
5,15,0.4
5,15,0.6
5,15,0.7
5,15,0.8
5,15,0.9
5,15,1.0
5,16,0.0
5,16,0.1
5,16,0.2
5,16,0.3
5,16,0.4
5,16,0.6
5,16,0.7
5,16,0.8
5,16,0.9
5,16,1.0
5,17,0.0
5,17,0.1
5,17,0.2
5,17,0.3
5,17,0.4
5,17,0.6
5,17,0.7
5,17,0.8
5,17,0.9
5,17,1.0
5,18,0.0
5,18,0.1
5,18,0.2
5,18,0.3
5,18,0.4
5,18,0.6
5,18,0.7
5,18,0.8
5,18,0.9
5,18,1.0
5,19,0.0
5,19,0.1
5,19,0.2
5,19,0.3
5,19,0.4
5,19,0.6
5,19,0.7
5,19,0.8
5,19,0.9
5,19,1.0
5,20,0.0
5,20,0.1
5,20,0.2
5,20,0.3
5,20,0.4
5,20,0.6
5,20,0.7
5,20,0.8
5,20,0.9
5,20,1.0
5,21,0.0
5,21,0.1
5,21,0.2
5,21,0.3
5,21,0.4
5,21,0.6
5,21,0.7
5,21,0.8
5,21,0.9
5,21,1.0
5,22,0.0
5,22,0.1
5,22,0.2
5,22,0.3
5,22,0.4
5,22,0.6
5,22,0.7
5,22,0.8
5,22,0.9
5,22,1.0
5,23,0.0
5,23,0.1
5,23,0.2
5,23,0.3
5,23,0.4
5,23,0.6
5,23,0.7
5,23,0.8
5,23,0.9
5,23,1.0
5,24,0.0
5,24,0.1
5,24,0.2
5,24,0.3
5,24,0.4
5,24,0.6
5,24,0.7
5,24,0.8
5,24,0.9
5,24,1.0
5,25,0.0
5,25,0.1
5,25,0.2
5,25,0.3
5,25,0.4
5,25,0.6
5,25,0.7
5,25,0.8
5,25,0.9
5,25,1.0
5,26,0.0
5,26,0.1
5,26,0.2
5,26,0.3
5,26,0.4
5,26,0.6
5,26,0.7
5,26,0.8
5,26,0.9
5,26,1.0
5,27,0.0
5,27,0.1
5,27,0.2
5,27,0.3
5,27,0.4
5,27,0.6
5,27,0.7
5,27,0.8
5,27,0.9
5,27,1.0
5,28,0.0
5,28,0.1
5,28,0.2
5,28,0.3
5,28,0.4
5,28,0.6
5,28,0.7
5,28,0.8
5,28,0.9
5,28,1.0
5,29,0.0
5,29,0.1
5,29,0.2
5,29,0.3
5,29,0.4
5,29,0.6
5,29,0.7
5,29,0.8
5,29,0.9
5,29,1.0
5,30,0.0
5,30,0.1
5,30,0.2
5,30,0.3
5,30,0.4
5,30,0.6
5,30,0.7
5,30,0.8
5,30,0.9
5,30,1.0
5,31,0.0
5,31,0.1
5,31,0.2
5,31,0.3
5,31,0.4
5,31,0.6
5,31,0.7
5,31,0.8
5,31,0.9
5,31,1.0
5,32,0.0
5,32,0.1
5,32,0.2
5,32,0.3
5,32,0.4
5,32,0.6
5,32,0.7
5,32,0.8
5,32,0.9
5,32,1.0
5,33,0.0
5,33,0.1
5,33,0.2
5,33,0.3
5,33,0.4
5,33,0.6
5,33,0.7
5,33,0.8
5,33,0.9
5,33,1.0
5,34,0.0
5,34,0.1
5,34,0.2
5,34,0.3
5,34,0.4
5,34,0.6
5,34,0.7
5,34,0.8
5,34,0.9
5,34,1.0
5,35,0.0
5,35,0.1
5,35,0.2
5,35,0.3
5,35,0.4
5,35,0.6
5,35,0.7
5,35,0.8
5,35,0.9
5,35,1.0
5,36,0.0
5,36,0.1
5,36,0.2
5,36,0.3
5,36,0.4
5,36,0.6
5,36,0.7
5,36,0.8
5,36,0.9
5,36,1.0
5,37,0.0
5,37,0.1
5,37,0.2
5,37,0.3
5,37,0.4
5,37,0.6
5,37,0.7
5,37,0.8
5,37,0.9
5,37,1.0
5,38,0.0
5,38,0.1
5,38,0.2
5,38,0.3
5,38,0.4
5,38,0.6
5,38,0.7
5,38,0.8
5,38,0.9
5,38,1.0
5,39,0.0
5,39,0.1
5,39,0.2
5,39,0.3
5,39,0.4
5,39,0.6
5,39,0.7
5,39,0.8
5,39,0.9
5,39,1.0
5,40,0.0
5,40,0.1
5,40,0.2
5,40,0.3
5,40,0.4
5,40,0.6
5,40,0.7
5,40,0.8
5,40,0.9
5,40,1.0
5,41,0.0
5,41,0.1
5,41,0.2
5,41,0.3
5,41,0.4
5,41,0.6
5,41,0.7
5,41,0.8
5,41,0.9
5,41,1.0
5,42,0.0
5,42,0.1
5,42,0.2
5,42,0.3
5,42,0.4
5,42,0.6
5,42,0.7
5,42,0.8
5,42,0.9
5,42,1.0
5,43,0.0
5,43,0.1
5,43,0.2
5,43,0.3
5,43,0.4
5,43,0.6
5,43,0.7
5,43,0.8
5,43,0.9
5,43,1.0
5,44,0.0
5,44,0.1
5,44,0.2
5,44,0.3
5,44,0.4
5,44,0.6
5,44,0.7
5,44,0.8
5,44,0.9
5,44,1.0
5,45,0.0
5,45,0.1
5,45,0.2
5,45,0.3
5,45,0.4
5,45,0.6
5,45,0.7
5,45,0.8
5,45,0.9
5,45,1.0
5,46,0.0
5,46,0.1
5,46,0.2
5,46,0.3
5,46,0.4
5,46,0.6
5,46,0.7
5,46,0.8
5,46,0.9
5,46,1.0
5,47,0.0
5,47,0.1
5,47,0.2
5,47,0.3
5,47,0.4
5,47,0.6
5,47,0.7
5,47,0.8
5,47,0.9
5,47,1.0
5,48,0.0
5,48,0.1
5,48,0.2
5,48,0.3
5,48,0.4
5,48,0.6
5,48,0.7
5,48,0.8
5,48,0.9
5,48,1.0
5,49,0.0
5,49,0.1
5,49,0.2
5,49,0.3
5,49,0.4
5,49,0.6
5,49,0.7
5,49,0.8
5,49,0.9
5,49,1.0
5,50,0.0
5,50,0.1
5,50,0.2
5,50,0.3
5,50,0.4
5,50,0.6
5,50,0.7
5,50,0.8
5,50,0.9
5,50,1.0
6,1,0.0
6,1,0.1
6,1,0.2
6,1,0.3
6,1,0.4
6,1,0.6
6,1,0.7
6,1,0.8
6,1,0.9
6,1,1.0
6,2,0.0
6,2,0.1
6,2,0.2
6,2,0.3
6,2,0.4
6,2,0.6
6,2,0.7
6,2,0.8
6,2,0.9
6,2,1.0
6,3,0.0
6,3,0.1
6,3,0.2
6,3,0.3
6,3,0.4
6,3,0.6
6,3,0.7
6,3,0.8
6,3,0.9
6,3,1.0
6,4,0.0
6,4,0.1
6,4,0.2
6,4,0.3
6,4,0.4
6,4,0.6
6,4,0.7
6,4,0.8
6,4,0.9
6,4,1.0
6,5,0.0
6,5,0.1
6,5,0.2
6,5,0.3
6,5,0.4
6,5,0.6
6,5,0.7
6,5,0.8
6,5,0.9
6,5,1.0
6,6,0.0
6,6,0.1
6,6,0.2
6,6,0.3
6,6,0.4
6,6,0.6
6,6,0.7
6,6,0.8
6,6,0.9
6,6,1.0
6,7,0.0
6,7,0.1
6,7,0.2
6,7,0.3
6,7,0.4
6,7,0.6
6,7,0.7
6,7,0.8
6,7,0.9
6,7,1.0
6,8,0.0
6,8,0.1
6,8,0.2
6,8,0.3
6,8,0.4
6,8,0.6
6,8,0.7
6,8,0.8
6,8,0.9
6,8,1.0
6,9,0.0
6,9,0.1
6,9,0.2
6,9,0.3
6,9,0.4
6,9,0.6
6,9,0.7
6,9,0.8
6,9,0.9
6,9,1.0
6,10,0.0
6,10,0.1
6,10,0.2
6,10,0.3
6,10,0.4
6,10,0.6
6,10,0.7
6,10,0.8
6,10,0.9
6,10,1.0
6,11,0.0
6,11,0.1
6,11,0.2
6,11,0.3
6,11,0.4
6,11,0.6
6,11,0.7
6,11,0.8
6,11,0.9
6,11,1.0
6,12,0.0
6,12,0.1
6,12,0.2
6,12,0.3
6,12,0.4
6,12,0.6
6,12,0.7
6,12,0.8
6,12,0.9
6,12,1.0
6,13,0.0
6,13,0.1
6,13,0.2
6,13,0.3
6,13,0.4
6,13,0.6
6,13,0.7
6,13,0.8
6,13,0.9
6,13,1.0
6,14,0.0
6,14,0.1
6,14,0.2
6,14,0.3
6,14,0.4
6,14,0.6
6,14,0.7
6,14,0.8
6,14,0.9
6,14,1.0
6,15,0.0
6,15,0.1
6,15,0.2
6,15,0.3
6,15,0.4
6,15,0.6
6,15,0.7
6,15,0.8
6,15,0.9
6,15,1.0
6,16,0.0
6,16,0.1
6,16,0.2
6,16,0.3
6,16,0.4
6,16,0.6
6,16,0.7
6,16,0.8
6,16,0.9
6,16,1.0
6,17,0.0
6,17,0.1
6,17,0.2
6,17,0.3
6,17,0.4
6,17,0.6
6,17,0.7
6,17,0.8
6,17,0.9
6,17,1.0
6,18,0.0
6,18,0.1
6,18,0.2
6,18,0.3
6,18,0.4
6,18,0.6
6,18,0.7
6,18,0.8
6,18,0.9
6,18,1.0
6,19,0.0
6,19,0.1
6,19,0.2
6,19,0.3
6,19,0.4
6,19,0.6
6,19,0.7
6,19,0.8
6,19,0.9
6,19,1.0
6,20,0.0
6,20,0.1
6,20,0.2
6,20,0.3
6,20,0.4
6,20,0.6
6,20,0.7
6,20,0.8
6,20,0.9
6,20,1.0
6,21,0.0
6,21,0.1
6,21,0.2
6,21,0.3
6,21,0.4
6,21,0.6
6,21,0.7
6,21,0.8
6,21,0.9
6,21,1.0
6,22,0.0
6,22,0.1
6,22,0.2
6,22,0.3
6,22,0.4
6,22,0.6
6,22,0.7
6,22,0.8
6,22,0.9
6,22,1.0
6,23,0.0
6,23,0.1
6,23,0.2
6,23,0.3
6,23,0.4
6,23,0.6
6,23,0.7
6,23,0.8
6,23,0.9
6,23,1.0
6,24,0.0
6,24,0.1
6,24,0.2
6,24,0.3
6,24,0.4
6,24,0.6
6,24,0.7
6,24,0.8
6,24,0.9
6,24,1.0
6,25,0.0
6,25,0.1
6,25,0.2
6,25,0.3
6,25,0.4
6,25,0.6
6,25,0.7
6,25,0.8
6,25,0.9
6,25,1.0
6,26,0.0
6,26,0.1
6,26,0.2
6,26,0.3
6,26,0.4
6,26,0.6
6,26,0.7
6,26,0.8
6,26,0.9
6,26,1.0
6,27,0.0
6,27,0.1
6,27,0.2
6,27,0.3
6,27,0.4
6,27,0.6
6,27,0.7
6,27,0.8
6,27,0.9
6,27,1.0
6,28,0.0
6,28,0.1
6,28,0.2
6,28,0.3
6,28,0.4
6,28,0.6
6,28,0.7
6,28,0.8
6,28,0.9
6,28,1.0
6,29,0.0
6,29,0.1
6,29,0.2
6,29,0.3
6,29,0.4
6,29,0.6
6,29,0.7
6,29,0.8
6,29,0.9
6,29,1.0
6,30,0.0
6,30,0.1
6,30,0.2
6,30,0.3
6,30,0.4
6,30,0.6
6,30,0.7
6,30,0.8
6,30,0.9
6,30,1.0
6,31,0.0
6,31,0.1
6,31,0.2
6,31,0.3
6,31,0.4
6,31,0.6
6,31,0.7
6,31,0.8
6,31,0.9
6,31,1.0
6,32,0.0
6,32,0.1
6,32,0.2
6,32,0.3
6,32,0.4
6,32,0.6
6,32,0.7
6,32,0.8
6,32,0.9
6,32,1.0
6,33,0.0
6,33,0.1
6,33,0.2
6,33,0.3
6,33,0.4
6,33,0.6
6,33,0.7
6,33,0.8
6,33,0.9
6,33,1.0
6,34,0.0
6,34,0.1
6,34,0.2
6,34,0.3
6,34,0.4
6,34,0.6
6,34,0.7
6,34,0.8
6,34,0.9
6,34,1.0
6,35,0.0
6,35,0.1
6,35,0.2
6,35,0.3
6,35,0.4
6,35,0.6
6,35,0.7
6,35,0.8
6,35,0.9
6,35,1.0
6,36,0.0
6,36,0.1
6,36,0.2
6,36,0.3
6,36,0.4
6,36,0.6
6,36,0.7
6,36,0.8
6,36,0.9
6,36,1.0
6,37,0.0
6,37,0.1
6,37,0.2
6,37,0.3
6,37,0.4
6,37,0.6
6,37,0.7
6,37,0.8
6,37,0.9
6,37,1.0
6,38,0.0
6,38,0.1
6,38,0.2
6,38,0.3
6,38,0.4
6,38,0.6
6,38,0.7
6,38,0.8
6,38,0.9
6,38,1.0
6,39,0.0
6,39,0.1
6,39,0.2
6,39,0.3
6,39,0.4
6,39,0.6
6,39,0.7
6,39,0.8
6,39,0.9
6,39,1.0
6,40,0.0
6,40,0.1
6,40,0.2
6,40,0.3
6,40,0.4
6,40,0.6
6,40,0.7
6,40,0.8
6,40,0.9
6,40,1.0
6,41,0.0
6,41,0.1
6,41,0.2
6,41,0.3
6,41,0.4
6,41,0.6
6,41,0.7
6,41,0.8
6,41,0.9
6,41,1.0
6,42,0.0
6,42,0.1
6,42,0.2
6,42,0.3
6,42,0.4
6,42,0.6
6,42,0.7
6,42,0.8
6,42,0.9
6,42,1.0
6,43,0.0
6,43,0.1
6,43,0.2
6,43,0.3
6,43,0.4
6,43,0.6
6,43,0.7
6,43,0.8
6,43,0.9
6,43,1.0
6,44,0.0
6,44,0.1
6,44,0.2
6,44,0.3
6,44,0.4
6,44,0.6
6,44,0.7
6,44,0.8
6,44,0.9
6,44,1.0
6,45,0.0
6,45,0.1
6,45,0.2
6,45,0.3
6,45,0.4
6,45,0.6
6,45,0.7
6,45,0.8
6,45,0.9
6,45,1.0
6,46,0.0
6,46,0.1
6,46,0.2
6,46,0.3
6,46,0.4
6,46,0.6
6,46,0.7
6,46,0.8
6,46,0.9
6,46,1.0
6,47,0.0
6,47,0.1
6,47,0.2
6,47,0.3
6,47,0.4
6,47,0.6
6,47,0.7
6,47,0.8
6,47,0.9
6,47,1.0
6,48,0.0
6,48,0.1
6,48,0.2
6,48,0.3
6,48,0.4
6,48,0.6
6,48,0.7
6,48,0.8
6,48,0.9
6,48,1.0
6,49,0.0
6,49,0.1
6,49,0.2
6,49,0.3
6,49,0.4
6,49,0.6
6,49,0.7
6,49,0.8
6,49,0.9
6,49,1.0
6,50,0.0
6,50,0.1
6,50,0.2
6,50,0.3
6,50,0.4
6,50,0.6
6,50,0.7
6,50,0.8
6,50,0.9
6,50,1.0
7,1,0.0
7,1,0.1
7,1,0.2
7,1,0.3
7,1,0.4
7,1,0.6
7,1,0.7
7,1,0.8
7,1,0.9
7,1,1.0
7,2,0.0
7,2,0.1
7,2,0.2
7,2,0.3
7,2,0.4
7,2,0.6
7,2,0.7
7,2,0.8
7,2,0.9
7,2,1.0
7,3,0.0
7,3,0.1
7,3,0.2
7,3,0.3
7,3,0.4
7,3,0.6
7,3,0.7
7,3,0.8
7,3,0.9
7,3,1.0
7,4,0.0
7,4,0.1
7,4,0.2
7,4,0.3
7,4,0.4
7,4,0.6
7,4,0.7
7,4,0.8
7,4,0.9
7,4,1.0
7,5,0.0
7,5,0.1
7,5,0.2
7,5,0.3
7,5,0.4
7,5,0.6
7,5,0.7
7,5,0.8
7,5,0.9
7,5,1.0
7,6,0.0
7,6,0.1
7,6,0.2
7,6,0.3
7,6,0.4
7,6,0.6
7,6,0.7
7,6,0.8
7,6,0.9
7,6,1.0
7,7,0.0
7,7,0.1
7,7,0.2
7,7,0.3
7,7,0.4
7,7,0.6
7,7,0.7
7,7,0.8
7,7,0.9
7,7,1.0
7,8,0.0
7,8,0.1
7,8,0.2
7,8,0.3
7,8,0.4
7,8,0.6
7,8,0.7
7,8,0.8
7,8,0.9
7,8,1.0
7,9,0.0
7,9,0.1
7,9,0.2
7,9,0.3
7,9,0.4
7,9,0.6
7,9,0.7
7,9,0.8
7,9,0.9
7,9,1.0
7,10,0.0
7,10,0.1
7,10,0.2
7,10,0.3
7,10,0.4
7,10,0.6
7,10,0.7
7,10,0.8
7,10,0.9
7,10,1.0
7,11,0.0
7,11,0.1
7,11,0.2
7,11,0.3
7,11,0.4
7,11,0.6
7,11,0.7
7,11,0.8
7,11,0.9
7,11,1.0
7,12,0.0
7,12,0.1
7,12,0.2
7,12,0.3
7,12,0.4
7,12,0.6
7,12,0.7
7,12,0.8
7,12,0.9
7,12,1.0
7,13,0.0
7,13,0.1
7,13,0.2
7,13,0.3
7,13,0.4
7,13,0.6
7,13,0.7
7,13,0.8
7,13,0.9
7,13,1.0
7,14,0.0
7,14,0.1
7,14,0.2
7,14,0.3
7,14,0.4
7,14,0.6
7,14,0.7
7,14,0.8
7,14,0.9
7,14,1.0
7,15,0.0
7,15,0.1
7,15,0.2
7,15,0.3
7,15,0.4
7,15,0.6
7,15,0.7
7,15,0.8
7,15,0.9
7,15,1.0
7,16,0.0
7,16,0.1
7,16,0.2
7,16,0.3
7,16,0.4
7,16,0.6
7,16,0.7
7,16,0.8
7,16,0.9
7,16,1.0
7,17,0.0
7,17,0.1
7,17,0.2
7,17,0.3
7,17,0.4
7,17,0.6
7,17,0.7
7,17,0.8
7,17,0.9
7,17,1.0
7,18,0.0
7,18,0.1
7,18,0.2
7,18,0.3
7,18,0.4
7,18,0.6
7,18,0.7
7,18,0.8
7,18,0.9
7,18,1.0
7,19,0.0
7,19,0.1
7,19,0.2
7,19,0.3
7,19,0.4
7,19,0.6
7,19,0.7
7,19,0.8
7,19,0.9
7,19,1.0
7,20,0.0
7,20,0.1
7,20,0.2
7,20,0.3
7,20,0.4
7,20,0.6
7,20,0.7
7,20,0.8
7,20,0.9
7,20,1.0
7,21,0.0
7,21,0.1
7,21,0.2
7,21,0.3
7,21,0.4
7,21,0.6
7,21,0.7
7,21,0.8
7,21,0.9
7,21,1.0
7,22,0.0
7,22,0.1
7,22,0.2
7,22,0.3
7,22,0.4
7,22,0.6
7,22,0.7
7,22,0.8
7,22,0.9
7,22,1.0
7,23,0.0
7,23,0.1
7,23,0.2
7,23,0.3
7,23,0.4
7,23,0.6
7,23,0.7
7,23,0.8
7,23,0.9
7,23,1.0
7,24,0.0
7,24,0.1
7,24,0.2
7,24,0.3
7,24,0.4
7,24,0.6
7,24,0.7
7,24,0.8
7,24,0.9
7,24,1.0
7,25,0.0
7,25,0.1
7,25,0.2
7,25,0.3
7,25,0.4
7,25,0.6
7,25,0.7
7,25,0.8
7,25,0.9
7,25,1.0
7,26,0.0
7,26,0.1
7,26,0.2
7,26,0.3
7,26,0.4
7,26,0.6
7,26,0.7
7,26,0.8
7,26,0.9
7,26,1.0
7,27,0.0
7,27,0.1
7,27,0.2
7,27,0.3
7,27,0.4
7,27,0.6
7,27,0.7
7,27,0.8
7,27,0.9
7,27,1.0
7,28,0.0
7,28,0.1
7,28,0.2
7,28,0.3
7,28,0.4
7,28,0.6
7,28,0.7
7,28,0.8
7,28,0.9
7,28,1.0
7,29,0.0
7,29,0.1
7,29,0.2
7,29,0.3
7,29,0.4
7,29,0.6
7,29,0.7
7,29,0.8
7,29,0.9
7,29,1.0
7,30,0.0
7,30,0.1
7,30,0.2
7,30,0.3
7,30,0.4
7,30,0.6
7,30,0.7
7,30,0.8
7,30,0.9
7,30,1.0
7,31,0.0
7,31,0.1
7,31,0.2
7,31,0.3
7,31,0.4
7,31,0.6
7,31,0.7
7,31,0.8
7,31,0.9
7,31,1.0
7,32,0.0
7,32,0.1
7,32,0.2
7,32,0.3
7,32,0.4
7,32,0.6
7,32,0.7
7,32,0.8
7,32,0.9
7,32,1.0
7,33,0.0
7,33,0.1
7,33,0.2
7,33,0.3
7,33,0.4
7,33,0.6
7,33,0.7
7,33,0.8
7,33,0.9
7,33,1.0
7,34,0.0
7,34,0.1
7,34,0.2
7,34,0.3
7,34,0.4
7,34,0.6
7,34,0.7
7,34,0.8
7,34,0.9
7,34,1.0
7,35,0.0
7,35,0.1
7,35,0.2
7,35,0.3
7,35,0.4
7,35,0.6
7,35,0.7
7,35,0.8
7,35,0.9
7,35,1.0
7,36,0.0
7,36,0.1
7,36,0.2
7,36,0.3
7,36,0.4
7,36,0.6
7,36,0.7
7,36,0.8
7,36,0.9
7,36,1.0
7,37,0.0
7,37,0.1
7,37,0.2
7,37,0.3
7,37,0.4
7,37,0.6
7,37,0.7
7,37,0.8
7,37,0.9
7,37,1.0
7,38,0.0
7,38,0.1
7,38,0.2
7,38,0.3
7,38,0.4
7,38,0.6
7,38,0.7
7,38,0.8
7,38,0.9
7,38,1.0
7,39,0.0
7,39,0.1
7,39,0.2
7,39,0.3
7,39,0.4
7,39,0.6
7,39,0.7
7,39,0.8
7,39,0.9
7,39,1.0
7,40,0.0
7,40,0.1
7,40,0.2
7,40,0.3
7,40,0.4
7,40,0.6
7,40,0.7
7,40,0.8
7,40,0.9
7,40,1.0
7,41,0.0
7,41,0.1
7,41,0.2
7,41,0.3
7,41,0.4
7,41,0.6
7,41,0.7
7,41,0.8
7,41,0.9
7,41,1.0
7,42,0.0
7,42,0.1
7,42,0.2
7,42,0.3
7,42,0.4
7,42,0.6
7,42,0.7
7,42,0.8
7,42,0.9
7,42,1.0
7,43,0.0
7,43,0.1
7,43,0.2
7,43,0.3
7,43,0.4
7,43,0.6
7,43,0.7
7,43,0.8
7,43,0.9
7,43,1.0
7,44,0.0
7,44,0.1
7,44,0.2
7,44,0.3
7,44,0.4
7,44,0.6
7,44,0.7
7,44,0.8
7,44,0.9
7,44,1.0
7,45,0.0
7,45,0.1
7,45,0.2
7,45,0.3
7,45,0.4
7,45,0.6
7,45,0.7
7,45,0.8
7,45,0.9
7,45,1.0
7,46,0.0
7,46,0.1
7,46,0.2
7,46,0.3
7,46,0.4
7,46,0.6
7,46,0.7
7,46,0.8
7,46,0.9
7,46,1.0
7,47,0.0
7,47,0.1
7,47,0.2
7,47,0.3
7,47,0.4
7,47,0.6
7,47,0.7
7,47,0.8
7,47,0.9
7,47,1.0
7,48,0.0
7,48,0.1
7,48,0.2
7,48,0.3
7,48,0.4
7,48,0.6
7,48,0.7
7,48,0.8
7,48,0.9
7,48,1.0
7,49,0.0
7,49,0.1
7,49,0.2
7,49,0.3
7,49,0.4
7,49,0.6
7,49,0.7
7,49,0.8
7,49,0.9
7,49,1.0
7,50,0.0
7,50,0.1
7,50,0.2
7,50,0.3
7,50,0.4
7,50,0.6
7,50,0.7
7,50,0.8
7,50,0.9
7,50,1.0
8,1,0.0
8,1,0.1
8,1,0.2
8,1,0.3
8,1,0.4
8,1,0.6
8,1,0.7
8,1,0.8
8,1,0.9
8,1,1.0
8,2,0.0
8,2,0.1
8,2,0.2
8,2,0.3
8,2,0.4
8,2,0.6
8,2,0.7
8,2,0.8
8,2,0.9
8,2,1.0
8,3,0.0
8,3,0.1
8,3,0.2
8,3,0.3
8,3,0.4
8,3,0.6
8,3,0.7
8,3,0.8
8,3,0.9
8,3,1.0
8,4,0.0
8,4,0.1
8,4,0.2
8,4,0.3
8,4,0.4
8,4,0.6
8,4,0.7
8,4,0.8
8,4,0.9
8,4,1.0
8,5,0.0
8,5,0.1
8,5,0.2
8,5,0.3
8,5,0.4
8,5,0.6
8,5,0.7
8,5,0.8
8,5,0.9
8,5,1.0
8,6,0.0
8,6,0.1
8,6,0.2
8,6,0.3
8,6,0.4
8,6,0.6
8,6,0.7
8,6,0.8
8,6,0.9
8,6,1.0
8,7,0.0
8,7,0.1
8,7,0.2
8,7,0.3
8,7,0.4
8,7,0.6
8,7,0.7
8,7,0.8
8,7,0.9
8,7,1.0
8,8,0.0
8,8,0.1
8,8,0.2
8,8,0.3
8,8,0.4
8,8,0.6
8,8,0.7
8,8,0.8
8,8,0.9
8,8,1.0
8,9,0.0
8,9,0.1
8,9,0.2
8,9,0.3
8,9,0.4
8,9,0.6
8,9,0.7
8,9,0.8
8,9,0.9
8,9,1.0
8,10,0.0
8,10,0.1
8,10,0.2
8,10,0.3
8,10,0.4
8,10,0.6
8,10,0.7
8,10,0.8
8,10,0.9
8,10,1.0
8,11,0.0
8,11,0.1
8,11,0.2
8,11,0.3
8,11,0.4
8,11,0.6
8,11,0.7
8,11,0.8
8,11,0.9
8,11,1.0
8,12,0.0
8,12,0.1
8,12,0.2
8,12,0.3
8,12,0.4
8,12,0.6
8,12,0.7
8,12,0.8
8,12,0.9
8,12,1.0
8,13,0.0
8,13,0.1
8,13,0.2
8,13,0.3
8,13,0.4
8,13,0.6
8,13,0.7
8,13,0.8
8,13,0.9
8,13,1.0
8,14,0.0
8,14,0.1
8,14,0.2
8,14,0.3
8,14,0.4
8,14,0.6
8,14,0.7
8,14,0.8
8,14,0.9
8,14,1.0
8,15,0.0
8,15,0.1
8,15,0.2
8,15,0.3
8,15,0.4
8,15,0.6
8,15,0.7
8,15,0.8
8,15,0.9
8,15,1.0
8,16,0.0
8,16,0.1
8,16,0.2
8,16,0.3
8,16,0.4
8,16,0.6
8,16,0.7
8,16,0.8
8,16,0.9
8,16,1.0
8,17,0.0
8,17,0.1
8,17,0.2
8,17,0.3
8,17,0.4
8,17,0.6
8,17,0.7
8,17,0.8
8,17,0.9
8,17,1.0
8,18,0.0
8,18,0.1
8,18,0.2
8,18,0.3
8,18,0.4
8,18,0.6
8,18,0.7
8,18,0.8
8,18,0.9
8,18,1.0
8,19,0.0
8,19,0.1
8,19,0.2
8,19,0.3
8,19,0.4
8,19,0.6
8,19,0.7
8,19,0.8
8,19,0.9
8,19,1.0
8,20,0.0
8,20,0.1
8,20,0.2
8,20,0.3
8,20,0.4
8,20,0.6
8,20,0.7
8,20,0.8
8,20,0.9
8,20,1.0
8,21,0.0
8,21,0.1
8,21,0.2
8,21,0.3
8,21,0.4
8,21,0.6
8,21,0.7
8,21,0.8
8,21,0.9
8,21,1.0
8,22,0.0
8,22,0.1
8,22,0.2
8,22,0.3
8,22,0.4
8,22,0.6
8,22,0.7
8,22,0.8
8,22,0.9
8,22,1.0
8,23,0.0
8,23,0.1
8,23,0.2
8,23,0.3
8,23,0.4
8,23,0.6
8,23,0.7
8,23,0.8
8,23,0.9
8,23,1.0
8,24,0.0
8,24,0.1
8,24,0.2
8,24,0.3
8,24,0.4
8,24,0.6
8,24,0.7
8,24,0.8
8,24,0.9
8,24,1.0
8,25,0.0
8,25,0.1
8,25,0.2
8,25,0.3
8,25,0.4
8,25,0.6
8,25,0.7
8,25,0.8
8,25,0.9
8,25,1.0
8,26,0.0
8,26,0.1
8,26,0.2
8,26,0.3
8,26,0.4
8,26,0.6
8,26,0.7
8,26,0.8
8,26,0.9
8,26,1.0
8,27,0.0
8,27,0.1
8,27,0.2
8,27,0.3
8,27,0.4
8,27,0.6
8,27,0.7
8,27,0.8
8,27,0.9
8,27,1.0
8,28,0.0
8,28,0.1
8,28,0.2
8,28,0.3
8,28,0.4
8,28,0.6
8,28,0.7
8,28,0.8
8,28,0.9
8,28,1.0
8,29,0.0
8,29,0.1
8,29,0.2
8,29,0.3
8,29,0.4
8,29,0.6
8,29,0.7
8,29,0.8
8,29,0.9
8,29,1.0
8,30,0.0
8,30,0.1
8,30,0.2
8,30,0.3
8,30,0.4
8,30,0.6
8,30,0.7
8,30,0.8
8,30,0.9
8,30,1.0
8,31,0.0
8,31,0.1
8,31,0.2
8,31,0.3
8,31,0.4
8,31,0.6
8,31,0.7
8,31,0.8
8,31,0.9
8,31,1.0
8,32,0.0
8,32,0.1
8,32,0.2
8,32,0.3
8,32,0.4
8,32,0.6
8,32,0.7
8,32,0.8
8,32,0.9
8,32,1.0
8,33,0.0
8,33,0.1
8,33,0.2
8,33,0.3
8,33,0.4
8,33,0.6
8,33,0.7
8,33,0.8
8,33,0.9
8,33,1.0
8,34,0.0
8,34,0.1
8,34,0.2
8,34,0.3
8,34,0.4
8,34,0.6
8,34,0.7
8,34,0.8
8,34,0.9
8,34,1.0
8,35,0.0
8,35,0.1
8,35,0.2
8,35,0.3
8,35,0.4
8,35,0.6
8,35,0.7
8,35,0.8
8,35,0.9
8,35,1.0
8,36,0.0
8,36,0.1
8,36,0.2
8,36,0.3
8,36,0.4
8,36,0.6
8,36,0.7
8,36,0.8
8,36,0.9
8,36,1.0
8,37,0.0
8,37,0.1
8,37,0.2
8,37,0.3
8,37,0.4
8,37,0.6
8,37,0.7
8,37,0.8
8,37,0.9
8,37,1.0
8,38,0.0
8,38,0.1
8,38,0.2
8,38,0.3
8,38,0.4
8,38,0.6
8,38,0.7
8,38,0.8
8,38,0.9
8,38,1.0
8,39,0.0
8,39,0.1
8,39,0.2
8,39,0.3
8,39,0.4
8,39,0.6
8,39,0.7
8,39,0.8
8,39,0.9
8,39,1.0
8,40,0.0
8,40,0.1
8,40,0.2
8,40,0.3
8,40,0.4
8,40,0.6
8,40,0.7
8,40,0.8
8,40,0.9
8,40,1.0
8,41,0.0
8,41,0.1
8,41,0.2
8,41,0.3
8,41,0.4
8,41,0.6
8,41,0.7
8,41,0.8
8,41,0.9
8,41,1.0
8,42,0.0
8,42,0.1
8,42,0.2
8,42,0.3
8,42,0.4
8,42,0.6
8,42,0.7
8,42,0.8
8,42,0.9
8,42,1.0
8,43,0.0
8,43,0.1
8,43,0.2
8,43,0.3
8,43,0.4
8,43,0.6
8,43,0.7
8,43,0.8
8,43,0.9
8,43,1.0
8,44,0.0
8,44,0.1
8,44,0.2
8,44,0.3
8,44,0.4
8,44,0.6
8,44,0.7
8,44,0.8
8,44,0.9
8,44,1.0
8,45,0.0
8,45,0.1
8,45,0.2
8,45,0.3
8,45,0.4
8,45,0.6
8,45,0.7
8,45,0.8
8,45,0.9
8,45,1.0
8,46,0.0
8,46,0.1
8,46,0.2
8,46,0.3
8,46,0.4
8,46,0.6
8,46,0.7
8,46,0.8
8,46,0.9
8,46,1.0
8,47,0.0
8,47,0.1
8,47,0.2
8,47,0.3
8,47,0.4
8,47,0.6
8,47,0.7
8,47,0.8
8,47,0.9
8,47,1.0
8,48,0.0
8,48,0.1
8,48,0.2
8,48,0.3
8,48,0.4
8,48,0.6
8,48,0.7
8,48,0.8
8,48,0.9
8,48,1.0
8,49,0.0
8,49,0.1
8,49,0.2
8,49,0.3
8,49,0.4
8,49,0.6
8,49,0.7
8,49,0.8
8,49,0.9
8,49,1.0
8,50,0.0
8,50,0.1
8,50,0.2
8,50,0.3
8,50,0.4
8,50,0.6
8,50,0.7
8,50,0.8
8,50,0.9
8,50,1.0
9,1,0.0
9,1,0.1
9,1,0.2
9,1,0.3
9,1,0.4
9,1,0.6
9,1,0.7
9,1,0.8
9,1,0.9
9,1,1.0
9,2,0.0
9,2,0.1
9,2,0.2
9,2,0.3
9,2,0.4
9,2,0.6
9,2,0.7
9,2,0.8
9,2,0.9
9,2,1.0
9,3,0.0
9,3,0.1
9,3,0.2
9,3,0.3
9,3,0.4
9,3,0.6
9,3,0.7
9,3,0.8
9,3,0.9
9,3,1.0
9,4,0.0
9,4,0.1
9,4,0.2
9,4,0.3
9,4,0.4
9,4,0.6
9,4,0.7
9,4,0.8
9,4,0.9
9,4,1.0
9,5,0.0
9,5,0.1
9,5,0.2
9,5,0.3
9,5,0.4
9,5,0.6
9,5,0.7
9,5,0.8
9,5,0.9
9,5,1.0
9,6,0.0
9,6,0.1
9,6,0.2
9,6,0.3
9,6,0.4
9,6,0.6
9,6,0.7
9,6,0.8
9,6,0.9
9,6,1.0
9,7,0.0
9,7,0.1
9,7,0.2
9,7,0.3
9,7,0.4
9,7,0.6
9,7,0.7
9,7,0.8
9,7,0.9
9,7,1.0
9,8,0.0
9,8,0.1
9,8,0.2
9,8,0.3
9,8,0.4
9,8,0.6
9,8,0.7
9,8,0.8
9,8,0.9
9,8,1.0
9,9,0.0
9,9,0.1
9,9,0.2
9,9,0.3
9,9,0.4
9,9,0.6
9,9,0.7
9,9,0.8
9,9,0.9
9,9,1.0
9,10,0.0
9,10,0.1
9,10,0.2
9,10,0.3
9,10,0.4
9,10,0.6
9,10,0.7
9,10,0.8
9,10,0.9
9,10,1.0
9,11,0.0
9,11,0.1
9,11,0.2
9,11,0.3
9,11,0.4
9,11,0.6
9,11,0.7
9,11,0.8
9,11,0.9
9,11,1.0
9,12,0.0
9,12,0.1
9,12,0.2
9,12,0.3
9,12,0.4
9,12,0.6
9,12,0.7
9,12,0.8
9,12,0.9
9,12,1.0
9,13,0.0
9,13,0.1
9,13,0.2
9,13,0.3
9,13,0.4
9,13,0.6
9,13,0.7
9,13,0.8
9,13,0.9
9,13,1.0
9,14,0.0
9,14,0.1
9,14,0.2
9,14,0.3
9,14,0.4
9,14,0.6
9,14,0.7
9,14,0.8
9,14,0.9
9,14,1.0
9,15,0.0
9,15,0.1
9,15,0.2
9,15,0.3
9,15,0.4
9,15,0.6
9,15,0.7
9,15,0.8
9,15,0.9
9,15,1.0
9,16,0.0
9,16,0.1
9,16,0.2
9,16,0.3
9,16,0.4
9,16,0.6
9,16,0.7
9,16,0.8
9,16,0.9
9,16,1.0
9,17,0.0
9,17,0.1
9,17,0.2
9,17,0.3
9,17,0.4
9,17,0.6
9,17,0.7
9,17,0.8
9,17,0.9
9,17,1.0
9,18,0.0
9,18,0.1
9,18,0.2
9,18,0.3
9,18,0.4
9,18,0.6
9,18,0.7
9,18,0.8
9,18,0.9
9,18,1.0
9,19,0.0
9,19,0.1
9,19,0.2
9,19,0.3
9,19,0.4
9,19,0.6
9,19,0.7
9,19,0.8
9,19,0.9
9,19,1.0
9,20,0.0
9,20,0.1
9,20,0.2
9,20,0.3
9,20,0.4
9,20,0.6
9,20,0.7
9,20,0.8
9,20,0.9
9,20,1.0
9,21,0.0
9,21,0.1
9,21,0.2
9,21,0.3
9,21,0.4
9,21,0.6
9,21,0.7
9,21,0.8
9,21,0.9
9,21,1.0
9,22,0.0
9,22,0.1
9,22,0.2
9,22,0.3
9,22,0.4
9,22,0.6
9,22,0.7
9,22,0.8
9,22,0.9
9,22,1.0
9,23,0.0
9,23,0.1
9,23,0.2
9,23,0.3
9,23,0.4
9,23,0.6
9,23,0.7
9,23,0.8
9,23,0.9
9,23,1.0
9,24,0.0
9,24,0.1
9,24,0.2
9,24,0.3
9,24,0.4
9,24,0.6
9,24,0.7
9,24,0.8
9,24,0.9
9,24,1.0
9,25,0.0
9,25,0.1
9,25,0.2
9,25,0.3
9,25,0.4
9,25,0.6
9,25,0.7
9,25,0.8
9,25,0.9
9,25,1.0
9,26,0.0
9,26,0.1
9,26,0.2
9,26,0.3
9,26,0.4
9,26,0.6
9,26,0.7
9,26,0.8
9,26,0.9
9,26,1.0
9,27,0.0
9,27,0.1
9,27,0.2
9,27,0.3
9,27,0.4
9,27,0.6
9,27,0.7
9,27,0.8
9,27,0.9
9,27,1.0
9,28,0.0
9,28,0.1
9,28,0.2
9,28,0.3
9,28,0.4
9,28,0.6
9,28,0.7
9,28,0.8
9,28,0.9
9,28,1.0
9,29,0.0
9,29,0.1
9,29,0.2
9,29,0.3
9,29,0.4
9,29,0.6
9,29,0.7
9,29,0.8
9,29,0.9
9,29,1.0
9,30,0.0
9,30,0.1
9,30,0.2
9,30,0.3
9,30,0.4
9,30,0.6
9,30,0.7
9,30,0.8
9,30,0.9
9,30,1.0
9,31,0.0
9,31,0.1
9,31,0.2
9,31,0.3
9,31,0.4
9,31,0.6
9,31,0.7
9,31,0.8
9,31,0.9
9,31,1.0
9,32,0.0
9,32,0.1
9,32,0.2
9,32,0.3
9,32,0.4
9,32,0.6
9,32,0.7
9,32,0.8
9,32,0.9
9,32,1.0
9,33,0.0
9,33,0.1
9,33,0.2
9,33,0.3
9,33,0.4
9,33,0.6
9,33,0.7
9,33,0.8
9,33,0.9
9,33,1.0
9,34,0.0
9,34,0.1
9,34,0.2
9,34,0.3
9,34,0.4
9,34,0.6
9,34,0.7
9,34,0.8
9,34,0.9
9,34,1.0
9,35,0.0
9,35,0.1
9,35,0.2
9,35,0.3
9,35,0.4
9,35,0.6
9,35,0.7
9,35,0.8
9,35,0.9
9,35,1.0
9,36,0.0
9,36,0.1
9,36,0.2
9,36,0.3
9,36,0.4
9,36,0.6
9,36,0.7
9,36,0.8
9,36,0.9
9,36,1.0
9,37,0.0
9,37,0.1
9,37,0.2
9,37,0.3
9,37,0.4
9,37,0.6
9,37,0.7
9,37,0.8
9,37,0.9
9,37,1.0
9,38,0.0
9,38,0.1
9,38,0.2
9,38,0.3
9,38,0.4
9,38,0.6
9,38,0.7
9,38,0.8
9,38,0.9
9,38,1.0
9,39,0.0
9,39,0.1
9,39,0.2
9,39,0.3
9,39,0.4
9,39,0.6
9,39,0.7
9,39,0.8
9,39,0.9
9,39,1.0
9,40,0.0
9,40,0.1
9,40,0.2
9,40,0.3
9,40,0.4
9,40,0.6
9,40,0.7
9,40,0.8
9,40,0.9
9,40,1.0
9,41,0.0
9,41,0.1
9,41,0.2
9,41,0.3
9,41,0.4
9,41,0.6
9,41,0.7
9,41,0.8
9,41,0.9
9,41,1.0
9,42,0.0
9,42,0.1
9,42,0.2
9,42,0.3
9,42,0.4
9,42,0.6
9,42,0.7
9,42,0.8
9,42,0.9
9,42,1.0
9,43,0.0
9,43,0.1
9,43,0.2
9,43,0.3
9,43,0.4
9,43,0.6
9,43,0.7
9,43,0.8
9,43,0.9
9,43,1.0
9,44,0.0
9,44,0.1
9,44,0.2
9,44,0.3
9,44,0.4
9,44,0.6
9,44,0.7
9,44,0.8
9,44,0.9
9,44,1.0
9,45,0.0
9,45,0.1
9,45,0.2
9,45,0.3
9,45,0.4
9,45,0.6
9,45,0.7
9,45,0.8
9,45,0.9
9,45,1.0
9,46,0.0
9,46,0.1
9,46,0.2
9,46,0.3
9,46,0.4
9,46,0.6
9,46,0.7
9,46,0.8
9,46,0.9
9,46,1.0
9,47,0.0
9,47,0.1
9,47,0.2
9,47,0.3
9,47,0.4
9,47,0.6
9,47,0.7
9,47,0.8
9,47,0.9
9,47,1.0
9,48,0.0
9,48,0.1
9,48,0.2
9,48,0.3
9,48,0.4
9,48,0.6
9,48,0.7
9,48,0.8
9,48,0.9
9,48,1.0
9,49,0.0
9,49,0.1
9,49,0.2
9,49,0.3
9,49,0.4
9,49,0.6
9,49,0.7
9,49,0.8
9,49,0.9
9,49,1.0
9,50,0.0
9,50,0.1
9,50,0.2
9,50,0.3
9,50,0.4
9,50,0.6
9,50,0.7
9,50,0.8
9,50,0.9
9,50,1.0
10,1,0.0
10,1,0.1
10,1,0.2
10,1,0.3
10,1,0.4
10,1,0.6
10,1,0.7
10,1,0.8
10,1,0.9
10,1,1.0
10,2,0.0
10,2,0.1
10,2,0.2
10,2,0.3
10,2,0.4
10,2,0.6
10,2,0.7
10,2,0.8
10,2,0.9
10,2,1.0
10,3,0.0
10,3,0.1
10,3,0.2
10,3,0.3
10,3,0.4
10,3,0.6
10,3,0.7
10,3,0.8
10,3,0.9
10,3,1.0
10,4,0.0
10,4,0.1
10,4,0.2
10,4,0.3
10,4,0.4
10,4,0.6
10,4,0.7
10,4,0.8
10,4,0.9
10,4,1.0
10,5,0.0
10,5,0.1
10,5,0.2
10,5,0.3
10,5,0.4
10,5,0.6
10,5,0.7
10,5,0.8
10,5,0.9
10,5,1.0
10,6,0.0
10,6,0.1
10,6,0.2
10,6,0.3
10,6,0.4
10,6,0.6
10,6,0.7
10,6,0.8
10,6,0.9
10,6,1.0
10,7,0.0
10,7,0.1
10,7,0.2
10,7,0.3
10,7,0.4
10,7,0.6
10,7,0.7
10,7,0.8
10,7,0.9
10,7,1.0
10,8,0.0
10,8,0.1
10,8,0.2
10,8,0.3
10,8,0.4
10,8,0.6
10,8,0.7
10,8,0.8
10,8,0.9
10,8,1.0
10,9,0.0
10,9,0.1
10,9,0.2
10,9,0.3
10,9,0.4
10,9,0.6
10,9,0.7
10,9,0.8
10,9,0.9
10,9,1.0
10,10,0.0
10,10,0.1
10,10,0.2
10,10,0.3
10,10,0.4
10,10,0.6
10,10,0.7
10,10,0.8
10,10,0.9
10,10,1.0
10,11,0.0
10,11,0.1
10,11,0.2
10,11,0.3
10,11,0.4
10,11,0.6
10,11,0.7
10,11,0.8
10,11,0.9
10,11,1.0
10,12,0.0
10,12,0.1
10,12,0.2
10,12,0.3
10,12,0.4
10,12,0.6
10,12,0.7
10,12,0.8
10,12,0.9
10,12,1.0
10,13,0.0
10,13,0.1
10,13,0.2
10,13,0.3
10,13,0.4
10,13,0.6
10,13,0.7
10,13,0.8
10,13,0.9
10,13,1.0
10,14,0.0
10,14,0.1
10,14,0.2
10,14,0.3
10,14,0.4
10,14,0.6
10,14,0.7
10,14,0.8
10,14,0.9
10,14,1.0
10,15,0.0
10,15,0.1
10,15,0.2
10,15,0.3
10,15,0.4
10,15,0.6
10,15,0.7
10,15,0.8
10,15,0.9
10,15,1.0
10,16,0.0
10,16,0.1
10,16,0.2
10,16,0.3
10,16,0.4
10,16,0.6
10,16,0.7
10,16,0.8
10,16,0.9
10,16,1.0
10,17,0.0
10,17,0.1
10,17,0.2
10,17,0.3
10,17,0.4
10,17,0.6
10,17,0.7
10,17,0.8
10,17,0.9
10,17,1.0
10,18,0.0
10,18,0.1
10,18,0.2
10,18,0.3
10,18,0.4
10,18,0.6
10,18,0.7
10,18,0.8
10,18,0.9
10,18,1.0
10,19,0.0
10,19,0.1
10,19,0.2
10,19,0.3
10,19,0.4
10,19,0.6
10,19,0.7
10,19,0.8
10,19,0.9
10,19,1.0
10,20,0.0
10,20,0.1
10,20,0.2
10,20,0.3
10,20,0.4
10,20,0.6
10,20,0.7
10,20,0.8
10,20,0.9
10,20,1.0
10,21,0.0
10,21,0.1
10,21,0.2
10,21,0.3
10,21,0.4
10,21,0.6
10,21,0.7
10,21,0.8
10,21,0.9
10,21,1.0
10,22,0.0
10,22,0.1
10,22,0.2
10,22,0.3
10,22,0.4
10,22,0.6
10,22,0.7
10,22,0.8
10,22,0.9
10,22,1.0
10,23,0.0
10,23,0.1
10,23,0.2
10,23,0.3
10,23,0.4
10,23,0.6
10,23,0.7
10,23,0.8
10,23,0.9
10,23,1.0
10,24,0.0
10,24,0.1
10,24,0.2
10,24,0.3
10,24,0.4
10,24,0.6
10,24,0.7
10,24,0.8
10,24,0.9
10,24,1.0
10,25,0.0
10,25,0.1
10,25,0.2
10,25,0.3
10,25,0.4
10,25,0.6
10,25,0.7
10,25,0.8
10,25,0.9
10,25,1.0
10,26,0.0
10,26,0.1
10,26,0.2
10,26,0.3
10,26,0.4
10,26,0.6
10,26,0.7
10,26,0.8
10,26,0.9
10,26,1.0
10,27,0.0
10,27,0.1
10,27,0.2
10,27,0.3
10,27,0.4
10,27,0.6
10,27,0.7
10,27,0.8
10,27,0.9
10,27,1.0
10,28,0.0
10,28,0.1
10,28,0.2
10,28,0.3
10,28,0.4
10,28,0.6
10,28,0.7
10,28,0.8
10,28,0.9
10,28,1.0
10,29,0.0
10,29,0.1
10,29,0.2
10,29,0.3
10,29,0.4
10,29,0.6
10,29,0.7
10,29,0.8
10,29,0.9
10,29,1.0
10,30,0.0
10,30,0.1
10,30,0.2
10,30,0.3
10,30,0.4
10,30,0.6
10,30,0.7
10,30,0.8
10,30,0.9
10,30,1.0
10,31,0.0
10,31,0.1
10,31,0.2
10,31,0.3
10,31,0.4
10,31,0.6
10,31,0.7
10,31,0.8
10,31,0.9
10,31,1.0
10,32,0.0
10,32,0.1
10,32,0.2
10,32,0.3
10,32,0.4
10,32,0.6
10,32,0.7
10,32,0.8
10,32,0.9
10,32,1.0
10,33,0.0
10,33,0.1
10,33,0.2
10,33,0.3
10,33,0.4
10,33,0.6
10,33,0.7
10,33,0.8
10,33,0.9
10,33,1.0
10,34,0.0
10,34,0.1
10,34,0.2
10,34,0.3
10,34,0.4
10,34,0.6
10,34,0.7
10,34,0.8
10,34,0.9
10,34,1.0
10,35,0.0
10,35,0.1
10,35,0.2
10,35,0.3
10,35,0.4
10,35,0.6
10,35,0.7
10,35,0.8
10,35,0.9
10,35,1.0
10,36,0.0
10,36,0.1
10,36,0.2
10,36,0.3
10,36,0.4
10,36,0.6
10,36,0.7
10,36,0.8
10,36,0.9
10,36,1.0
10,37,0.0
10,37,0.1
10,37,0.2
10,37,0.3
10,37,0.4
10,37,0.6
10,37,0.7
10,37,0.8
10,37,0.9
10,37,1.0
10,38,0.0
10,38,0.1
10,38,0.2
10,38,0.3
10,38,0.4
10,38,0.6
10,38,0.7
10,38,0.8
10,38,0.9
10,38,1.0
10,39,0.0
10,39,0.1
10,39,0.2
10,39,0.3
10,39,0.4
10,39,0.6
10,39,0.7
10,39,0.8
10,39,0.9
10,39,1.0
10,40,0.0
10,40,0.1
10,40,0.2
10,40,0.3
10,40,0.4
10,40,0.6
10,40,0.7
10,40,0.8
10,40,0.9
10,40,1.0
10,41,0.0
10,41,0.1
10,41,0.2
10,41,0.3
10,41,0.4
10,41,0.6
10,41,0.7
10,41,0.8
10,41,0.9
10,41,1.0
10,42,0.0
10,42,0.1
10,42,0.2
10,42,0.3
10,42,0.4
10,42,0.6
10,42,0.7
10,42,0.8
10,42,0.9
10,42,1.0
10,43,0.0
10,43,0.1
10,43,0.2
10,43,0.3
10,43,0.4
10,43,0.6
10,43,0.7
10,43,0.8
10,43,0.9
10,43,1.0
10,44,0.0
10,44,0.1
10,44,0.2
10,44,0.3
10,44,0.4
10,44,0.6
10,44,0.7
10,44,0.8
10,44,0.9
10,44,1.0
10,45,0.0
10,45,0.1
10,45,0.2
10,45,0.3
10,45,0.4
10,45,0.6
10,45,0.7
10,45,0.8
10,45,0.9
10,45,1.0
10,46,0.0
10,46,0.1
10,46,0.2
10,46,0.3
10,46,0.4
10,46,0.6
10,46,0.7
10,46,0.8
10,46,0.9
10,46,1.0
10,47,0.0
10,47,0.1
10,47,0.2
10,47,0.3
10,47,0.4
10,47,0.6
10,47,0.7
10,47,0.8
10,47,0.9
10,47,1.0
10,48,0.0
10,48,0.1
10,48,0.2
10,48,0.3
10,48,0.4
10,48,0.6
10,48,0.7
10,48,0.8
10,48,0.9
10,48,1.0
10,49,0.0
10,49,0.1
10,49,0.2
10,49,0.3
10,49,0.4
10,49,0.6
10,49,0.7
10,49,0.8
10,49,0.9
10,49,1.0
10,50,0.0
10,50,0.1
10,50,0.2
10,50,0.3
10,50,0.4
10,50,0.6
10,50,0.7
10,50,0.8
10,50,0.9
10,50,1.0
11,1,0.0
11,1,0.1
11,1,0.2
11,1,0.3
11,1,0.4
11,1,0.6
11,1,0.7
11,1,0.8
11,1,0.9
11,1,1.0
11,2,0.0
11,2,0.1
11,2,0.2
11,2,0.3
11,2,0.4
11,2,0.6
11,2,0.7
11,2,0.8
11,2,0.9
11,2,1.0
11,3,0.0
11,3,0.1
11,3,0.2
11,3,0.3
11,3,0.4
11,3,0.6
11,3,0.7
11,3,0.8
11,3,0.9
11,3,1.0
11,4,0.0
11,4,0.1
11,4,0.2
11,4,0.3
11,4,0.4
11,4,0.6
11,4,0.7
11,4,0.8
11,4,0.9
11,4,1.0
11,5,0.0
11,5,0.1
11,5,0.2
11,5,0.3
11,5,0.4
11,5,0.6
11,5,0.7
11,5,0.8
11,5,0.9
11,5,1.0
11,6,0.0
11,6,0.1
11,6,0.2
11,6,0.3
11,6,0.4
11,6,0.6
11,6,0.7
11,6,0.8
11,6,0.9
11,6,1.0
11,7,0.0
11,7,0.1
11,7,0.2
11,7,0.3
11,7,0.4
11,7,0.6
11,7,0.7
11,7,0.8
11,7,0.9
11,7,1.0
11,8,0.0
11,8,0.1
11,8,0.2
11,8,0.3
11,8,0.4
11,8,0.6
11,8,0.7
11,8,0.8
11,8,0.9
11,8,1.0
11,9,0.0
11,9,0.1
11,9,0.2
11,9,0.3
11,9,0.4
11,9,0.6
11,9,0.7
11,9,0.8
11,9,0.9
11,9,1.0
11,10,0.0
11,10,0.1
11,10,0.2
11,10,0.3
11,10,0.4
11,10,0.6
11,10,0.7
11,10,0.8
11,10,0.9
11,10,1.0
11,11,0.0
11,11,0.1
11,11,0.2
11,11,0.3
11,11,0.4
11,11,0.6
11,11,0.7
11,11,0.8
11,11,0.9
11,11,1.0
11,12,0.0
11,12,0.1
11,12,0.2
11,12,0.3
11,12,0.4
11,12,0.6
11,12,0.7
11,12,0.8
11,12,0.9
11,12,1.0
11,13,0.0
11,13,0.1
11,13,0.2
11,13,0.3
11,13,0.4
11,13,0.6
11,13,0.7
11,13,0.8
11,13,0.9
11,13,1.0
11,14,0.0
11,14,0.1
11,14,0.2
11,14,0.3
11,14,0.4
11,14,0.6
11,14,0.7
11,14,0.8
11,14,0.9
11,14,1.0
11,15,0.0
11,15,0.1
11,15,0.2
11,15,0.3
11,15,0.4
11,15,0.6
11,15,0.7
11,15,0.8
11,15,0.9
11,15,1.0
11,16,0.0
11,16,0.1
11,16,0.2
11,16,0.3
11,16,0.4
11,16,0.6
11,16,0.7
11,16,0.8
11,16,0.9
11,16,1.0
11,17,0.0
11,17,0.1
11,17,0.2
11,17,0.3
11,17,0.4
11,17,0.6
11,17,0.7
11,17,0.8
11,17,0.9
11,17,1.0
11,18,0.0
11,18,0.1
11,18,0.2
11,18,0.3
11,18,0.4
11,18,0.6
11,18,0.7
11,18,0.8
11,18,0.9
11,18,1.0
11,19,0.0
11,19,0.1
11,19,0.2
11,19,0.3
11,19,0.4
11,19,0.6
11,19,0.7
11,19,0.8
11,19,0.9
11,19,1.0
11,20,0.0
11,20,0.1
11,20,0.2
11,20,0.3
11,20,0.4
11,20,0.6
11,20,0.7
11,20,0.8
11,20,0.9
11,20,1.0
11,21,0.0
11,21,0.1
11,21,0.2
11,21,0.3
11,21,0.4
11,21,0.6
11,21,0.7
11,21,0.8
11,21,0.9
11,21,1.0
11,22,0.0
11,22,0.1
11,22,0.2
11,22,0.3
11,22,0.4
11,22,0.6
11,22,0.7
11,22,0.8
11,22,0.9
11,22,1.0
11,23,0.0
11,23,0.1
11,23,0.2
11,23,0.3
11,23,0.4
11,23,0.6
11,23,0.7
11,23,0.8
11,23,0.9
11,23,1.0
11,24,0.0
11,24,0.1
11,24,0.2
11,24,0.3
11,24,0.4
11,24,0.6
11,24,0.7
11,24,0.8
11,24,0.9
11,24,1.0
11,25,0.0
11,25,0.1
11,25,0.2
11,25,0.3
11,25,0.4
11,25,0.6
11,25,0.7
11,25,0.8
11,25,0.9
11,25,1.0
11,26,0.0
11,26,0.1
11,26,0.2
11,26,0.3
11,26,0.4
11,26,0.6
11,26,0.7
11,26,0.8
11,26,0.9
11,26,1.0
11,27,0.0
11,27,0.1
11,27,0.2
11,27,0.3
11,27,0.4
11,27,0.6
11,27,0.7
11,27,0.8
11,27,0.9
11,27,1.0
11,28,0.0
11,28,0.1
11,28,0.2
11,28,0.3
11,28,0.4
11,28,0.6
11,28,0.7
11,28,0.8
11,28,0.9
11,28,1.0
11,29,0.0
11,29,0.1
11,29,0.2
11,29,0.3
11,29,0.4
11,29,0.6
11,29,0.7
11,29,0.8
11,29,0.9
11,29,1.0
11,30,0.0
11,30,0.1
11,30,0.2
11,30,0.3
11,30,0.4
11,30,0.6
11,30,0.7
11,30,0.8
11,30,0.9
11,30,1.0
11,31,0.0
11,31,0.1
11,31,0.2
11,31,0.3
11,31,0.4
11,31,0.6
11,31,0.7
11,31,0.8
11,31,0.9
11,31,1.0
11,32,0.0
11,32,0.1
11,32,0.2
11,32,0.3
11,32,0.4
11,32,0.6
11,32,0.7
11,32,0.8
11,32,0.9
11,32,1.0
11,33,0.0
11,33,0.1
11,33,0.2
11,33,0.3
11,33,0.4
11,33,0.6
11,33,0.7
11,33,0.8
11,33,0.9
11,33,1.0
11,34,0.0
11,34,0.1
11,34,0.2
11,34,0.3
11,34,0.4
11,34,0.6
11,34,0.7
11,34,0.8
11,34,0.9
11,34,1.0
11,35,0.0
11,35,0.1
11,35,0.2
11,35,0.3
11,35,0.4
11,35,0.6
11,35,0.7
11,35,0.8
11,35,0.9
11,35,1.0
11,36,0.0
11,36,0.1
11,36,0.2
11,36,0.3
11,36,0.4
11,36,0.6
11,36,0.7
11,36,0.8
11,36,0.9
11,36,1.0
11,37,0.0
11,37,0.1
11,37,0.2
11,37,0.3
11,37,0.4
11,37,0.6
11,37,0.7
11,37,0.8
11,37,0.9
11,37,1.0
11,38,0.0
11,38,0.1
11,38,0.2
11,38,0.3
11,38,0.4
11,38,0.6
11,38,0.7
11,38,0.8
11,38,0.9
11,38,1.0
11,39,0.0
11,39,0.1
11,39,0.2
11,39,0.3
11,39,0.4
11,39,0.6
11,39,0.7
11,39,0.8
11,39,0.9
11,39,1.0
11,40,0.0
11,40,0.1
11,40,0.2
11,40,0.3
11,40,0.4
11,40,0.6
11,40,0.7
11,40,0.8
11,40,0.9
11,40,1.0
11,41,0.0
11,41,0.1
11,41,0.2
11,41,0.3
11,41,0.4
11,41,0.6
11,41,0.7
11,41,0.8
11,41,0.9
11,41,1.0
11,42,0.0
11,42,0.1
11,42,0.2
11,42,0.3
11,42,0.4
11,42,0.6
11,42,0.7
11,42,0.8
11,42,0.9
11,42,1.0
11,43,0.0
11,43,0.1
11,43,0.2
11,43,0.3
11,43,0.4
11,43,0.6
11,43,0.7
11,43,0.8
11,43,0.9
11,43,1.0
11,44,0.0
11,44,0.1
11,44,0.2
11,44,0.3
11,44,0.4
11,44,0.6
11,44,0.7
11,44,0.8
11,44,0.9
11,44,1.0
11,45,0.0
11,45,0.1
11,45,0.2
11,45,0.3
11,45,0.4
11,45,0.6
11,45,0.7
11,45,0.8
11,45,0.9
11,45,1.0
11,46,0.0
11,46,0.1
11,46,0.2
11,46,0.3
11,46,0.4
11,46,0.6
11,46,0.7
11,46,0.8
11,46,0.9
11,46,1.0
11,47,0.0
11,47,0.1
11,47,0.2
11,47,0.3
11,47,0.4
11,47,0.6
11,47,0.7
11,47,0.8
11,47,0.9
11,47,1.0
11,48,0.0
11,48,0.1
11,48,0.2
11,48,0.3
11,48,0.4
11,48,0.6
11,48,0.7
11,48,0.8
11,48,0.9
11,48,1.0
11,49,0.0
11,49,0.1
11,49,0.2
11,49,0.3
11,49,0.4
11,49,0.6
11,49,0.7
11,49,0.8
11,49,0.9
11,49,1.0
11,50,0.0
11,50,0.1
11,50,0.2
11,50,0.3
11,50,0.4
11,50,0.6
11,50,0.7
11,50,0.8
11,50,0.9
11,50,1.0
12,1,0.0
12,1,0.1
12,1,0.2
12,1,0.3
12,1,0.4
12,1,0.6
12,1,0.7
12,1,0.8
12,1,0.9
12,1,1.0
12,2,0.0
12,2,0.1
12,2,0.2
12,2,0.3
12,2,0.4
12,2,0.6
12,2,0.7
12,2,0.8
12,2,0.9
12,2,1.0
12,3,0.0
12,3,0.1
12,3,0.2
12,3,0.3
12,3,0.4
12,3,0.6
12,3,0.7
12,3,0.8
12,3,0.9
12,3,1.0
12,4,0.0
12,4,0.1
12,4,0.2
12,4,0.3
12,4,0.4
12,4,0.6
12,4,0.7
12,4,0.8
12,4,0.9
12,4,1.0
12,5,0.0
12,5,0.1
12,5,0.2
12,5,0.3
12,5,0.4
12,5,0.6
12,5,0.7
12,5,0.8
12,5,0.9
12,5,1.0
12,6,0.0
12,6,0.1
12,6,0.2
12,6,0.3
12,6,0.4
12,6,0.6
12,6,0.7
12,6,0.8
12,6,0.9
12,6,1.0
12,7,0.0
12,7,0.1
12,7,0.2
12,7,0.3
12,7,0.4
12,7,0.6
12,7,0.7
12,7,0.8
12,7,0.9
12,7,1.0
12,8,0.0
12,8,0.1
12,8,0.2
12,8,0.3
12,8,0.4
12,8,0.6
12,8,0.7
12,8,0.8
12,8,0.9
12,8,1.0
12,9,0.0
12,9,0.1
12,9,0.2
12,9,0.3
12,9,0.4
12,9,0.6
12,9,0.7
12,9,0.8
12,9,0.9
12,9,1.0
12,10,0.0
12,10,0.1
12,10,0.2
12,10,0.3
12,10,0.4
12,10,0.6
12,10,0.7
12,10,0.8
12,10,0.9
12,10,1.0
12,11,0.0
12,11,0.1
12,11,0.2
12,11,0.3
12,11,0.4
12,11,0.6
12,11,0.7
12,11,0.8
12,11,0.9
12,11,1.0
12,12,0.0
12,12,0.1
12,12,0.2
12,12,0.3
12,12,0.4
12,12,0.6
12,12,0.7
12,12,0.8
12,12,0.9
12,12,1.0
12,13,0.0
12,13,0.1
12,13,0.2
12,13,0.3
12,13,0.4
12,13,0.6
12,13,0.7
12,13,0.8
12,13,0.9
12,13,1.0
12,14,0.0
12,14,0.1
12,14,0.2
12,14,0.3
12,14,0.4
12,14,0.6
12,14,0.7
12,14,0.8
12,14,0.9
12,14,1.0
12,15,0.0
12,15,0.1
12,15,0.2
12,15,0.3
12,15,0.4
12,15,0.6
12,15,0.7
12,15,0.8
12,15,0.9
12,15,1.0
12,16,0.0
12,16,0.1
12,16,0.2
12,16,0.3
12,16,0.4
12,16,0.6
12,16,0.7
12,16,0.8
12,16,0.9
12,16,1.0
12,17,0.0
12,17,0.1
12,17,0.2
12,17,0.3
12,17,0.4
12,17,0.6
12,17,0.7
12,17,0.8
12,17,0.9
12,17,1.0
12,18,0.0
12,18,0.1
12,18,0.2
12,18,0.3
12,18,0.4
12,18,0.6
12,18,0.7
12,18,0.8
12,18,0.9
12,18,1.0
12,19,0.0
12,19,0.1
12,19,0.2
12,19,0.3
12,19,0.4
12,19,0.6
12,19,0.7
12,19,0.8
12,19,0.9
12,19,1.0
12,20,0.0
12,20,0.1
12,20,0.2
12,20,0.3
12,20,0.4
12,20,0.6
12,20,0.7
12,20,0.8
12,20,0.9
12,20,1.0
12,21,0.0
12,21,0.1
12,21,0.2
12,21,0.3
12,21,0.4
12,21,0.6
12,21,0.7
12,21,0.8
12,21,0.9
12,21,1.0
12,22,0.0
12,22,0.1
12,22,0.2
12,22,0.3
12,22,0.4
12,22,0.6
12,22,0.7
12,22,0.8
12,22,0.9
12,22,1.0
12,23,0.0
12,23,0.1
12,23,0.2
12,23,0.3
12,23,0.4
12,23,0.6
12,23,0.7
12,23,0.8
12,23,0.9
12,23,1.0
12,24,0.0
12,24,0.1
12,24,0.2
12,24,0.3
12,24,0.4
12,24,0.6
12,24,0.7
12,24,0.8
12,24,0.9
12,24,1.0
12,25,0.0
12,25,0.1
12,25,0.2
12,25,0.3
12,25,0.4
12,25,0.6
12,25,0.7
12,25,0.8
12,25,0.9
12,25,1.0
12,26,0.0
12,26,0.1
12,26,0.2
12,26,0.3
12,26,0.4
12,26,0.6
12,26,0.7
12,26,0.8
12,26,0.9
12,26,1.0
12,27,0.0
12,27,0.1
12,27,0.2
12,27,0.3
12,27,0.4
12,27,0.6
12,27,0.7
12,27,0.8
12,27,0.9
12,27,1.0
12,28,0.0
12,28,0.1
12,28,0.2
12,28,0.3
12,28,0.4
12,28,0.6
12,28,0.7
12,28,0.8
12,28,0.9
12,28,1.0
12,29,0.0
12,29,0.1
12,29,0.2
12,29,0.3
12,29,0.4
12,29,0.6
12,29,0.7
12,29,0.8
12,29,0.9
12,29,1.0
12,30,0.0
12,30,0.1
12,30,0.2
12,30,0.3
12,30,0.4
12,30,0.6
12,30,0.7
12,30,0.8
12,30,0.9
12,30,1.0
12,31,0.0
12,31,0.1
12,31,0.2
12,31,0.3
12,31,0.4
12,31,0.6
12,31,0.7
12,31,0.8
12,31,0.9
12,31,1.0
12,32,0.0
12,32,0.1
12,32,0.2
12,32,0.3
12,32,0.4
12,32,0.6
12,32,0.7
12,32,0.8
12,32,0.9
12,32,1.0
12,33,0.0
12,33,0.1
12,33,0.2
12,33,0.3
12,33,0.4
12,33,0.6
12,33,0.7
12,33,0.8
12,33,0.9
12,33,1.0
12,34,0.0
12,34,0.1
12,34,0.2
12,34,0.3
12,34,0.4
12,34,0.6
12,34,0.7
12,34,0.8
12,34,0.9
12,34,1.0
12,35,0.0
12,35,0.1
12,35,0.2
12,35,0.3
12,35,0.4
12,35,0.6
12,35,0.7
12,35,0.8
12,35,0.9
12,35,1.0
12,36,0.0
12,36,0.1
12,36,0.2
12,36,0.3
12,36,0.4
12,36,0.6
12,36,0.7
12,36,0.8
12,36,0.9
12,36,1.0
12,37,0.0
12,37,0.1
12,37,0.2
12,37,0.3
12,37,0.4
12,37,0.6
12,37,0.7
12,37,0.8
12,37,0.9
12,37,1.0
12,38,0.0
12,38,0.1
12,38,0.2
12,38,0.3
12,38,0.4
12,38,0.6
12,38,0.7
12,38,0.8
12,38,0.9
12,38,1.0
12,39,0.0
12,39,0.1
12,39,0.2
12,39,0.3
12,39,0.4
12,39,0.6
12,39,0.7
12,39,0.8
12,39,0.9
12,39,1.0
12,40,0.0
12,40,0.1
12,40,0.2
12,40,0.3
12,40,0.4
12,40,0.6
12,40,0.7
12,40,0.8
12,40,0.9
12,40,1.0
12,41,0.0
12,41,0.1
12,41,0.2
12,41,0.3
12,41,0.4
12,41,0.6
12,41,0.7
12,41,0.8
12,41,0.9
12,41,1.0
12,42,0.0
12,42,0.1
12,42,0.2
12,42,0.3
12,42,0.4
12,42,0.6
12,42,0.7
12,42,0.8
12,42,0.9
12,42,1.0
12,43,0.0
12,43,0.1
12,43,0.2
12,43,0.3
12,43,0.4
12,43,0.6
12,43,0.7
12,43,0.8
12,43,0.9
12,43,1.0
12,44,0.0
12,44,0.1
12,44,0.2
12,44,0.3
12,44,0.4
12,44,0.6
12,44,0.7
12,44,0.8
12,44,0.9
12,44,1.0
12,45,0.0
12,45,0.1
12,45,0.2
12,45,0.3
12,45,0.4
12,45,0.6
12,45,0.7
12,45,0.8
12,45,0.9
12,45,1.0
12,46,0.0
12,46,0.1
12,46,0.2
12,46,0.3
12,46,0.4
12,46,0.6
12,46,0.7
12,46,0.8
12,46,0.9
12,46,1.0
12,47,0.0
12,47,0.1
12,47,0.2
12,47,0.3
12,47,0.4
12,47,0.6
12,47,0.7
12,47,0.8
12,47,0.9
12,47,1.0
12,48,0.0
12,48,0.1
12,48,0.2
12,48,0.3
12,48,0.4
12,48,0.6
12,48,0.7
12,48,0.8
12,48,0.9
12,48,1.0
12,49,0.0
12,49,0.1
12,49,0.2
12,49,0.3
12,49,0.4
12,49,0.6
12,49,0.7
12,49,0.8
12,49,0.9
12,49,1.0
12,50,0.0
12,50,0.1
12,50,0.2
12,50,0.3
12,50,0.4
12,50,0.6
12,50,0.7
12,50,0.8
12,50,0.9
12,50,1.0
13,1,0.0
13,1,0.1
13,1,0.2
13,1,0.3
13,1,0.4
13,1,0.6
13,1,0.7
13,1,0.8
13,1,0.9
13,1,1.0
13,2,0.0
13,2,0.1
13,2,0.2
13,2,0.3
13,2,0.4
13,2,0.6
13,2,0.7
13,2,0.8
13,2,0.9
13,2,1.0
13,3,0.0
13,3,0.1
13,3,0.2
13,3,0.3
13,3,0.4
13,3,0.6
13,3,0.7
13,3,0.8
13,3,0.9
13,3,1.0
13,4,0.0
13,4,0.1
13,4,0.2
13,4,0.3
13,4,0.4
13,4,0.6
13,4,0.7
13,4,0.8
13,4,0.9
13,4,1.0
13,5,0.0
13,5,0.1
13,5,0.2
13,5,0.3
13,5,0.4
13,5,0.6
13,5,0.7
13,5,0.8
13,5,0.9
13,5,1.0
13,6,0.0
13,6,0.1
13,6,0.2
13,6,0.3
13,6,0.4
13,6,0.6
13,6,0.7
13,6,0.8
13,6,0.9
13,6,1.0
13,7,0.0
13,7,0.1
13,7,0.2
13,7,0.3
13,7,0.4
13,7,0.6
13,7,0.7
13,7,0.8
13,7,0.9
13,7,1.0
13,8,0.0
13,8,0.1
13,8,0.2
13,8,0.3
13,8,0.4
13,8,0.6
13,8,0.7
13,8,0.8
13,8,0.9
13,8,1.0
13,9,0.0
13,9,0.1
13,9,0.2
13,9,0.3
13,9,0.4
13,9,0.6
13,9,0.7
13,9,0.8
13,9,0.9
13,9,1.0
13,10,0.0
13,10,0.1
13,10,0.2
13,10,0.3
13,10,0.4
13,10,0.6
13,10,0.7
13,10,0.8
13,10,0.9
13,10,1.0
13,11,0.0
13,11,0.1
13,11,0.2
13,11,0.3
13,11,0.4
13,11,0.6
13,11,0.7
13,11,0.8
13,11,0.9
13,11,1.0
13,12,0.0
13,12,0.1
13,12,0.2
13,12,0.3
13,12,0.4
13,12,0.6
13,12,0.7
13,12,0.8
13,12,0.9
13,12,1.0
13,13,0.0
13,13,0.1
13,13,0.2
13,13,0.3
13,13,0.4
13,13,0.6
13,13,0.7
13,13,0.8
13,13,0.9
13,13,1.0
13,14,0.0
13,14,0.1
13,14,0.2
13,14,0.3
13,14,0.4
13,14,0.6
13,14,0.7
13,14,0.8
13,14,0.9
13,14,1.0
13,15,0.0
13,15,0.1
13,15,0.2
13,15,0.3
13,15,0.4
13,15,0.6
13,15,0.7
13,15,0.8
13,15,0.9
13,15,1.0
13,16,0.0
13,16,0.1
13,16,0.2
13,16,0.3
13,16,0.4
13,16,0.6
13,16,0.7
13,16,0.8
13,16,0.9
13,16,1.0
13,17,0.0
13,17,0.1
13,17,0.2
13,17,0.3
13,17,0.4
13,17,0.6
13,17,0.7
13,17,0.8
13,17,0.9
13,17,1.0
13,18,0.0
13,18,0.1
13,18,0.2
13,18,0.3
13,18,0.4
13,18,0.6
13,18,0.7
13,18,0.8
13,18,0.9
13,18,1.0
13,19,0.0
13,19,0.1
13,19,0.2
13,19,0.3
13,19,0.4
13,19,0.6
13,19,0.7
13,19,0.8
13,19,0.9
13,19,1.0
13,20,0.0
13,20,0.1
13,20,0.2
13,20,0.3
13,20,0.4
13,20,0.6
13,20,0.7
13,20,0.8
13,20,0.9
13,20,1.0
13,21,0.0
13,21,0.1
13,21,0.2
13,21,0.3
13,21,0.4
13,21,0.6
13,21,0.7
13,21,0.8
13,21,0.9
13,21,1.0
13,22,0.0
13,22,0.1
13,22,0.2
13,22,0.3
13,22,0.4
13,22,0.6
13,22,0.7
13,22,0.8
13,22,0.9
13,22,1.0
13,23,0.0
13,23,0.1
13,23,0.2
13,23,0.3
13,23,0.4
13,23,0.6
13,23,0.7
13,23,0.8
13,23,0.9
13,23,1.0
13,24,0.0
13,24,0.1
13,24,0.2
13,24,0.3
13,24,0.4
13,24,0.6
13,24,0.7
13,24,0.8
13,24,0.9
13,24,1.0
13,25,0.0
13,25,0.1
13,25,0.2
13,25,0.3
13,25,0.4
13,25,0.6
13,25,0.7
13,25,0.8
13,25,0.9
13,25,1.0
13,26,0.0
13,26,0.1
13,26,0.2
13,26,0.3
13,26,0.4
13,26,0.6
13,26,0.7
13,26,0.8
13,26,0.9
13,26,1.0
13,27,0.0
13,27,0.1
13,27,0.2
13,27,0.3
13,27,0.4
13,27,0.6
13,27,0.7
13,27,0.8
13,27,0.9
13,27,1.0
13,28,0.0
13,28,0.1
13,28,0.2
13,28,0.3
13,28,0.4
13,28,0.6
13,28,0.7
13,28,0.8
13,28,0.9
13,28,1.0
13,29,0.0
13,29,0.1
13,29,0.2
13,29,0.3
13,29,0.4
13,29,0.6
13,29,0.7
13,29,0.8
13,29,0.9
13,29,1.0
13,30,0.0
13,30,0.1
13,30,0.2
13,30,0.3
13,30,0.4
13,30,0.6
13,30,0.7
13,30,0.8
13,30,0.9
13,30,1.0
13,31,0.0
13,31,0.1
13,31,0.2
13,31,0.3
13,31,0.4
13,31,0.6
13,31,0.7
13,31,0.8
13,31,0.9
13,31,1.0
13,32,0.0
13,32,0.1
13,32,0.2
13,32,0.3
13,32,0.4
13,32,0.6
13,32,0.7
13,32,0.8
13,32,0.9
13,32,1.0
13,33,0.0
13,33,0.1
13,33,0.2
13,33,0.3
13,33,0.4
13,33,0.6
13,33,0.7
13,33,0.8
13,33,0.9
13,33,1.0
13,34,0.0
13,34,0.1
13,34,0.2
13,34,0.3
13,34,0.4
13,34,0.6
13,34,0.7
13,34,0.8
13,34,0.9
13,34,1.0
13,35,0.0
13,35,0.1
13,35,0.2
13,35,0.3
13,35,0.4
13,35,0.6
13,35,0.7
13,35,0.8
13,35,0.9
13,35,1.0
13,36,0.0
13,36,0.1
13,36,0.2
13,36,0.3
13,36,0.4
13,36,0.6
13,36,0.7
13,36,0.8
13,36,0.9
13,36,1.0
13,37,0.0
13,37,0.1
13,37,0.2
13,37,0.3
13,37,0.4
13,37,0.6
13,37,0.7
13,37,0.8
13,37,0.9
13,37,1.0
13,38,0.0
13,38,0.1
13,38,0.2
13,38,0.3
13,38,0.4
13,38,0.6
13,38,0.7
13,38,0.8
13,38,0.9
13,38,1.0
13,39,0.0
13,39,0.1
13,39,0.2
13,39,0.3
13,39,0.4
13,39,0.6
13,39,0.7
13,39,0.8
13,39,0.9
13,39,1.0
13,40,0.0
13,40,0.1
13,40,0.2
13,40,0.3
13,40,0.4
13,40,0.6
13,40,0.7
13,40,0.8
13,40,0.9
13,40,1.0
13,41,0.0
13,41,0.1
13,41,0.2
13,41,0.3
13,41,0.4
13,41,0.6
13,41,0.7
13,41,0.8
13,41,0.9
13,41,1.0
13,42,0.0
13,42,0.1
13,42,0.2
13,42,0.3
13,42,0.4
13,42,0.6
13,42,0.7
13,42,0.8
13,42,0.9
13,42,1.0
13,43,0.0
13,43,0.1
13,43,0.2
13,43,0.3
13,43,0.4
13,43,0.6
13,43,0.7
13,43,0.8
13,43,0.9
13,43,1.0
13,44,0.0
13,44,0.1
13,44,0.2
13,44,0.3
13,44,0.4
13,44,0.6
13,44,0.7
13,44,0.8
13,44,0.9
13,44,1.0
13,45,0.0
13,45,0.1
13,45,0.2
13,45,0.3
13,45,0.4
13,45,0.6
13,45,0.7
13,45,0.8
13,45,0.9
13,45,1.0
13,46,0.0
13,46,0.1
13,46,0.2
13,46,0.3
13,46,0.4
13,46,0.6
13,46,0.7
13,46,0.8
13,46,0.9
13,46,1.0
13,47,0.0
13,47,0.1
13,47,0.2
13,47,0.3
13,47,0.4
13,47,0.6
13,47,0.7
13,47,0.8
13,47,0.9
13,47,1.0
13,48,0.0
13,48,0.1
13,48,0.2
13,48,0.3
13,48,0.4
13,48,0.6
13,48,0.7
13,48,0.8
13,48,0.9
13,48,1.0
13,49,0.0
13,49,0.1
13,49,0.2
13,49,0.3
13,49,0.4
13,49,0.6
13,49,0.7
13,49,0.8
13,49,0.9
13,49,1.0
13,50,0.0
13,50,0.1
13,50,0.2
13,50,0.3
13,50,0.4
13,50,0.6
13,50,0.7
13,50,0.8
13,50,0.9
13,50,1.0
14,1,0.0
14,1,0.1
14,1,0.2
14,1,0.3
14,1,0.4
14,1,0.6
14,1,0.7
14,1,0.8
14,1,0.9
14,1,1.0
14,2,0.0
14,2,0.1
14,2,0.2
14,2,0.3
14,2,0.4
14,2,0.6
14,2,0.7
14,2,0.8
14,2,0.9
14,2,1.0
14,3,0.0
14,3,0.1
14,3,0.2
14,3,0.3
14,3,0.4
14,3,0.6
14,3,0.7
14,3,0.8
14,3,0.9
14,3,1.0
14,4,0.0
14,4,0.1
14,4,0.2
14,4,0.3
14,4,0.4
14,4,0.6
14,4,0.7
14,4,0.8
14,4,0.9
14,4,1.0
14,5,0.0
14,5,0.1
14,5,0.2
14,5,0.3
14,5,0.4
14,5,0.6
14,5,0.7
14,5,0.8
14,5,0.9
14,5,1.0
14,6,0.0
14,6,0.1
14,6,0.2
14,6,0.3
14,6,0.4
14,6,0.6
14,6,0.7
14,6,0.8
14,6,0.9
14,6,1.0
14,7,0.0
14,7,0.1
14,7,0.2
14,7,0.3
14,7,0.4
14,7,0.6
14,7,0.7
14,7,0.8
14,7,0.9
14,7,1.0
14,8,0.0
14,8,0.1
14,8,0.2
14,8,0.3
14,8,0.4
14,8,0.6
14,8,0.7
14,8,0.8
14,8,0.9
14,8,1.0
14,9,0.0
14,9,0.1
14,9,0.2
14,9,0.3
14,9,0.4
14,9,0.6
14,9,0.7
14,9,0.8
14,9,0.9
14,9,1.0
14,10,0.0
14,10,0.1
14,10,0.2
14,10,0.3
14,10,0.4
14,10,0.6
14,10,0.7
14,10,0.8
14,10,0.9
14,10,1.0
14,11,0.0
14,11,0.1
14,11,0.2
14,11,0.3
14,11,0.4
14,11,0.6
14,11,0.7
14,11,0.8
14,11,0.9
14,11,1.0
14,12,0.0
14,12,0.1
14,12,0.2
14,12,0.3
14,12,0.4
14,12,0.6
14,12,0.7
14,12,0.8
14,12,0.9
14,12,1.0
14,13,0.0
14,13,0.1
14,13,0.2
14,13,0.3
14,13,0.4
14,13,0.6
14,13,0.7
14,13,0.8
14,13,0.9
14,13,1.0
14,14,0.0
14,14,0.1
14,14,0.2
14,14,0.3
14,14,0.4
14,14,0.6
14,14,0.7
14,14,0.8
14,14,0.9
14,14,1.0
14,15,0.0
14,15,0.1
14,15,0.2
14,15,0.3
14,15,0.4
14,15,0.6
14,15,0.7
14,15,0.8
14,15,0.9
14,15,1.0
14,16,0.0
14,16,0.1
14,16,0.2
14,16,0.3
14,16,0.4
14,16,0.6
14,16,0.7
14,16,0.8
14,16,0.9
14,16,1.0
14,17,0.0
14,17,0.1
14,17,0.2
14,17,0.3
14,17,0.4
14,17,0.6
14,17,0.7
14,17,0.8
14,17,0.9
14,17,1.0
14,18,0.0
14,18,0.1
14,18,0.2
14,18,0.3
14,18,0.4
14,18,0.6
14,18,0.7
14,18,0.8
14,18,0.9
14,18,1.0
14,19,0.0
14,19,0.1
14,19,0.2
14,19,0.3
14,19,0.4
14,19,0.6
14,19,0.7
14,19,0.8
14,19,0.9
14,19,1.0
14,20,0.0
14,20,0.1
14,20,0.2
14,20,0.3
14,20,0.4
14,20,0.6
14,20,0.7
14,20,0.8
14,20,0.9
14,20,1.0
14,21,0.0
14,21,0.1
14,21,0.2
14,21,0.3
14,21,0.4
14,21,0.6
14,21,0.7
14,21,0.8
14,21,0.9
14,21,1.0
14,22,0.0
14,22,0.1
14,22,0.2
14,22,0.3
14,22,0.4
14,22,0.6
14,22,0.7
14,22,0.8
14,22,0.9
14,22,1.0
14,23,0.0
14,23,0.1
14,23,0.2
14,23,0.3
14,23,0.4
14,23,0.6
14,23,0.7
14,23,0.8
14,23,0.9
14,23,1.0
14,24,0.0
14,24,0.1
14,24,0.2
14,24,0.3
14,24,0.4
14,24,0.6
14,24,0.7
14,24,0.8
14,24,0.9
14,24,1.0
14,25,0.0
14,25,0.1
14,25,0.2
14,25,0.3
14,25,0.4
14,25,0.6
14,25,0.7
14,25,0.8
14,25,0.9
14,25,1.0
14,26,0.0
14,26,0.1
14,26,0.2
14,26,0.3
14,26,0.4
14,26,0.6
14,26,0.7
14,26,0.8
14,26,0.9
14,26,1.0
14,27,0.0
14,27,0.1
14,27,0.2
14,27,0.3
14,27,0.4
14,27,0.6
14,27,0.7
14,27,0.8
14,27,0.9
14,27,1.0
14,28,0.0
14,28,0.1
14,28,0.2
14,28,0.3
14,28,0.4
14,28,0.6
14,28,0.7
14,28,0.8
14,28,0.9
14,28,1.0
14,29,0.0
14,29,0.1
14,29,0.2
14,29,0.3
14,29,0.4
14,29,0.6
14,29,0.7
14,29,0.8
14,29,0.9
14,29,1.0
14,30,0.0
14,30,0.1
14,30,0.2
14,30,0.3
14,30,0.4
14,30,0.6
14,30,0.7
14,30,0.8
14,30,0.9
14,30,1.0
14,31,0.0
14,31,0.1
14,31,0.2
14,31,0.3
14,31,0.4
14,31,0.6
14,31,0.7
14,31,0.8
14,31,0.9
14,31,1.0
14,32,0.0
14,32,0.1
14,32,0.2
14,32,0.3
14,32,0.4
14,32,0.6
14,32,0.7
14,32,0.8
14,32,0.9
14,32,1.0
14,33,0.0
14,33,0.1
14,33,0.2
14,33,0.3
14,33,0.4
14,33,0.6
14,33,0.7
14,33,0.8
14,33,0.9
14,33,1.0
14,34,0.0
14,34,0.1
14,34,0.2
14,34,0.3
14,34,0.4
14,34,0.6
14,34,0.7
14,34,0.8
14,34,0.9
14,34,1.0
14,35,0.0
14,35,0.1
14,35,0.2
14,35,0.3
14,35,0.4
14,35,0.6
14,35,0.7
14,35,0.8
14,35,0.9
14,35,1.0
14,36,0.0
14,36,0.1
14,36,0.2
14,36,0.3
14,36,0.4
14,36,0.6
14,36,0.7
14,36,0.8
14,36,0.9
14,36,1.0
14,37,0.0
14,37,0.1
14,37,0.2
14,37,0.3
14,37,0.4
14,37,0.6
14,37,0.7
14,37,0.8
14,37,0.9
14,37,1.0
14,38,0.0
14,38,0.1
14,38,0.2
14,38,0.3
14,38,0.4
14,38,0.6
14,38,0.7
14,38,0.8
14,38,0.9
14,38,1.0
14,39,0.0
14,39,0.1
14,39,0.2
14,39,0.3
14,39,0.4
14,39,0.6
14,39,0.7
14,39,0.8
14,39,0.9
14,39,1.0
14,40,0.0
14,40,0.1
14,40,0.2
14,40,0.3
14,40,0.4
14,40,0.6
14,40,0.7
14,40,0.8
14,40,0.9
14,40,1.0
14,41,0.0
14,41,0.1
14,41,0.2
14,41,0.3
14,41,0.4
14,41,0.6
14,41,0.7
14,41,0.8
14,41,0.9
14,41,1.0
14,42,0.0
14,42,0.1
14,42,0.2
14,42,0.3
14,42,0.4
14,42,0.6
14,42,0.7
14,42,0.8
14,42,0.9
14,42,1.0
14,43,0.0
14,43,0.1
14,43,0.2
14,43,0.3
14,43,0.4
14,43,0.6
14,43,0.7
14,43,0.8
14,43,0.9
14,43,1.0
14,44,0.0
14,44,0.1
14,44,0.2
14,44,0.3
14,44,0.4
14,44,0.6
14,44,0.7
14,44,0.8
14,44,0.9
14,44,1.0
14,45,0.0
14,45,0.1
14,45,0.2
14,45,0.3
14,45,0.4
14,45,0.6
14,45,0.7
14,45,0.8
14,45,0.9
14,45,1.0
14,46,0.0
14,46,0.1
14,46,0.2
14,46,0.3
14,46,0.4
14,46,0.6
14,46,0.7
14,46,0.8
14,46,0.9
14,46,1.0
14,47,0.0
14,47,0.1
14,47,0.2
14,47,0.3
14,47,0.4
14,47,0.6
14,47,0.7
14,47,0.8
14,47,0.9
14,47,1.0
14,48,0.0
14,48,0.1
14,48,0.2
14,48,0.3
14,48,0.4
14,48,0.6
14,48,0.7
14,48,0.8
14,48,0.9
14,48,1.0
14,49,0.0
14,49,0.1
14,49,0.2
14,49,0.3
14,49,0.4
14,49,0.6
14,49,0.7
14,49,0.8
14,49,0.9
14,49,1.0
14,50,0.0
14,50,0.1
14,50,0.2
14,50,0.3
14,50,0.4
14,50,0.6
14,50,0.7
14,50,0.8
14,50,0.9
14,50,1.0
15,1,0.0
15,1,0.1
15,1,0.2
15,1,0.3
15,1,0.4
15,1,0.6
15,1,0.7
15,1,0.8
15,1,0.9
15,1,1.0
15,2,0.0
15,2,0.1
15,2,0.2
15,2,0.3
15,2,0.4
15,2,0.6
15,2,0.7
15,2,0.8
15,2,0.9
15,2,1.0
15,3,0.0
15,3,0.1
15,3,0.2
15,3,0.3
15,3,0.4
15,3,0.6
15,3,0.7
15,3,0.8
15,3,0.9
15,3,1.0
15,4,0.0
15,4,0.1
15,4,0.2
15,4,0.3
15,4,0.4
15,4,0.6
15,4,0.7
15,4,0.8
15,4,0.9
15,4,1.0
15,5,0.0
15,5,0.1
15,5,0.2
15,5,0.3
15,5,0.4
15,5,0.6
15,5,0.7
15,5,0.8
15,5,0.9
15,5,1.0
15,6,0.0
15,6,0.1
15,6,0.2
15,6,0.3
15,6,0.4
15,6,0.6
15,6,0.7
15,6,0.8
15,6,0.9
15,6,1.0
15,7,0.0
15,7,0.1
15,7,0.2
15,7,0.3
15,7,0.4
15,7,0.6
15,7,0.7
15,7,0.8
15,7,0.9
15,7,1.0
15,8,0.0
15,8,0.1
15,8,0.2
15,8,0.3
15,8,0.4
15,8,0.6
15,8,0.7
15,8,0.8
15,8,0.9
15,8,1.0
15,9,0.0
15,9,0.1
15,9,0.2
15,9,0.3
15,9,0.4
15,9,0.6
15,9,0.7
15,9,0.8
15,9,0.9
15,9,1.0
15,10,0.0
15,10,0.1
15,10,0.2
15,10,0.3
15,10,0.4
15,10,0.6
15,10,0.7
15,10,0.8
15,10,0.9
15,10,1.0
15,11,0.0
15,11,0.1
15,11,0.2
15,11,0.3
15,11,0.4
15,11,0.6
15,11,0.7
15,11,0.8
15,11,0.9
15,11,1.0
15,12,0.0
15,12,0.1
15,12,0.2
15,12,0.3
15,12,0.4
15,12,0.6
15,12,0.7
15,12,0.8
15,12,0.9
15,12,1.0
15,13,0.0
15,13,0.1
15,13,0.2
15,13,0.3
15,13,0.4
15,13,0.6
15,13,0.7
15,13,0.8
15,13,0.9
15,13,1.0
15,14,0.0
15,14,0.1
15,14,0.2
15,14,0.3
15,14,0.4
15,14,0.6
15,14,0.7
15,14,0.8
15,14,0.9
15,14,1.0
15,15,0.0
15,15,0.1
15,15,0.2
15,15,0.3
15,15,0.4
15,15,0.6
15,15,0.7
15,15,0.8
15,15,0.9
15,15,1.0
15,16,0.0
15,16,0.1
15,16,0.2
15,16,0.3
15,16,0.4
15,16,0.6
15,16,0.7
15,16,0.8
15,16,0.9
15,16,1.0
15,17,0.0
15,17,0.1
15,17,0.2
15,17,0.3
15,17,0.4
15,17,0.6
15,17,0.7
15,17,0.8
15,17,0.9
15,17,1.0
15,18,0.0
15,18,0.1
15,18,0.2
15,18,0.3
15,18,0.4
15,18,0.6
15,18,0.7
15,18,0.8
15,18,0.9
15,18,1.0
15,19,0.0
15,19,0.1
15,19,0.2
15,19,0.3
15,19,0.4
15,19,0.6
15,19,0.7
15,19,0.8
15,19,0.9
15,19,1.0
15,20,0.0
15,20,0.1
15,20,0.2
15,20,0.3
15,20,0.4
15,20,0.6
15,20,0.7
15,20,0.8
15,20,0.9
15,20,1.0
15,21,0.0
15,21,0.1
15,21,0.2
15,21,0.3
15,21,0.4
15,21,0.6
15,21,0.7
15,21,0.8
15,21,0.9
15,21,1.0
15,22,0.0
15,22,0.1
15,22,0.2
15,22,0.3
15,22,0.4
15,22,0.6
15,22,0.7
15,22,0.8
15,22,0.9
15,22,1.0
15,23,0.0
15,23,0.1
15,23,0.2
15,23,0.3
15,23,0.4
15,23,0.6
15,23,0.7
15,23,0.8
15,23,0.9
15,23,1.0
15,24,0.0
15,24,0.1
15,24,0.2
15,24,0.3
15,24,0.4
15,24,0.6
15,24,0.7
15,24,0.8
15,24,0.9
15,24,1.0
15,25,0.0
15,25,0.1
15,25,0.2
15,25,0.3
15,25,0.4
15,25,0.6
15,25,0.7
15,25,0.8
15,25,0.9
15,25,1.0
15,26,0.0
15,26,0.1
15,26,0.2
15,26,0.3
15,26,0.4
15,26,0.6
15,26,0.7
15,26,0.8
15,26,0.9
15,26,1.0
15,27,0.0
15,27,0.1
15,27,0.2
15,27,0.3
15,27,0.4
15,27,0.6
15,27,0.7
15,27,0.8
15,27,0.9
15,27,1.0
15,28,0.0
15,28,0.1
15,28,0.2
15,28,0.3
15,28,0.4
15,28,0.6
15,28,0.7
15,28,0.8
15,28,0.9
15,28,1.0
15,29,0.0
15,29,0.1
15,29,0.2
15,29,0.3
15,29,0.4
15,29,0.6
15,29,0.7
15,29,0.8
15,29,0.9
15,29,1.0
15,30,0.0
15,30,0.1
15,30,0.2
15,30,0.3
15,30,0.4
15,30,0.6
15,30,0.7
15,30,0.8
15,30,0.9
15,30,1.0
15,31,0.0
15,31,0.1
15,31,0.2
15,31,0.3
15,31,0.4
15,31,0.6
15,31,0.7
15,31,0.8
15,31,0.9
15,31,1.0
15,32,0.0
15,32,0.1
15,32,0.2
15,32,0.3
15,32,0.4
15,32,0.6
15,32,0.7
15,32,0.8
15,32,0.9
15,32,1.0
15,33,0.0
15,33,0.1
15,33,0.2
15,33,0.3
15,33,0.4
15,33,0.6
15,33,0.7
15,33,0.8
15,33,0.9
15,33,1.0
15,34,0.0
15,34,0.1
15,34,0.2
15,34,0.3
15,34,0.4
15,34,0.6
15,34,0.7
15,34,0.8
15,34,0.9
15,34,1.0
15,35,0.0
15,35,0.1
15,35,0.2
15,35,0.3
15,35,0.4
15,35,0.6
15,35,0.7
15,35,0.8
15,35,0.9
15,35,1.0
15,36,0.0
15,36,0.1
15,36,0.2
15,36,0.3
15,36,0.4
15,36,0.6
15,36,0.7
15,36,0.8
15,36,0.9
15,36,1.0
15,37,0.0
15,37,0.1
15,37,0.2
15,37,0.3
15,37,0.4
15,37,0.6
15,37,0.7
15,37,0.8
15,37,0.9
15,37,1.0
15,38,0.0
15,38,0.1
15,38,0.2
15,38,0.3
15,38,0.4
15,38,0.6
15,38,0.7
15,38,0.8
15,38,0.9
15,38,1.0
15,39,0.0
15,39,0.1
15,39,0.2
15,39,0.3
15,39,0.4
15,39,0.6
15,39,0.7
15,39,0.8
15,39,0.9
15,39,1.0
15,40,0.0
15,40,0.1
15,40,0.2
15,40,0.3
15,40,0.4
15,40,0.6
15,40,0.7
15,40,0.8
15,40,0.9
15,40,1.0
15,41,0.0
15,41,0.1
15,41,0.2
15,41,0.3
15,41,0.4
15,41,0.6
15,41,0.7
15,41,0.8
15,41,0.9
15,41,1.0
15,42,0.0
15,42,0.1
15,42,0.2
15,42,0.3
15,42,0.4
15,42,0.6
15,42,0.7
15,42,0.8
15,42,0.9
15,42,1.0
15,43,0.0
15,43,0.1
15,43,0.2
15,43,0.3
15,43,0.4
15,43,0.6
15,43,0.7
15,43,0.8
15,43,0.9
15,43,1.0
15,44,0.0
15,44,0.1
15,44,0.2
15,44,0.3
15,44,0.4
15,44,0.6
15,44,0.7
15,44,0.8
15,44,0.9
15,44,1.0
15,45,0.0
15,45,0.1
15,45,0.2
15,45,0.3
15,45,0.4
15,45,0.6
15,45,0.7
15,45,0.8
15,45,0.9
15,45,1.0
15,46,0.0
15,46,0.1
15,46,0.2
15,46,0.3
15,46,0.4
15,46,0.6
15,46,0.7
15,46,0.8
15,46,0.9
15,46,1.0
15,47,0.0
15,47,0.1
15,47,0.2
15,47,0.3
15,47,0.4
15,47,0.6
15,47,0.7
15,47,0.8
15,47,0.9
15,47,1.0
15,48,0.0
15,48,0.1
15,48,0.2
15,48,0.3
15,48,0.4
15,48,0.6
15,48,0.7
15,48,0.8
15,48,0.9
15,48,1.0
15,49,0.0
15,49,0.1
15,49,0.2
15,49,0.3
15,49,0.4
15,49,0.6
15,49,0.7
15,49,0.8
15,49,0.9
15,49,1.0
15,50,0.0
15,50,0.1
15,50,0.2
15,50,0.3
15,50,0.4
15,50,0.6
15,50,0.7
15,50,0.8
15,50,0.9
15,50,1.0
16,1,0.0
16,1,0.1
16,1,0.2
16,1,0.3
16,1,0.4
16,1,0.6
16,1,0.7
16,1,0.8
16,1,0.9
16,1,1.0
16,2,0.0
16,2,0.1
16,2,0.2
16,2,0.3
16,2,0.4
16,2,0.6
16,2,0.7
16,2,0.8
16,2,0.9
16,2,1.0
16,3,0.0
16,3,0.1
16,3,0.2
16,3,0.3
16,3,0.4
16,3,0.6
16,3,0.7
16,3,0.8
16,3,0.9
16,3,1.0
16,4,0.0
16,4,0.1
16,4,0.2
16,4,0.3
16,4,0.4
16,4,0.6
16,4,0.7
16,4,0.8
16,4,0.9
16,4,1.0
16,5,0.0
16,5,0.1
16,5,0.2
16,5,0.3
16,5,0.4
16,5,0.6
16,5,0.7
16,5,0.8
16,5,0.9
16,5,1.0
16,6,0.0
16,6,0.1
16,6,0.2
16,6,0.3
16,6,0.4
16,6,0.6
16,6,0.7
16,6,0.8
16,6,0.9
16,6,1.0
16,7,0.0
16,7,0.1
16,7,0.2
16,7,0.3
16,7,0.4
16,7,0.6
16,7,0.7
16,7,0.8
16,7,0.9
16,7,1.0
16,8,0.0
16,8,0.1
16,8,0.2
16,8,0.3
16,8,0.4
16,8,0.6
16,8,0.7
16,8,0.8
16,8,0.9
16,8,1.0
16,9,0.0
16,9,0.1
16,9,0.2
16,9,0.3
16,9,0.4
16,9,0.6
16,9,0.7
16,9,0.8
16,9,0.9
16,9,1.0
16,10,0.0
16,10,0.1
16,10,0.2
16,10,0.3
16,10,0.4
16,10,0.6
16,10,0.7
16,10,0.8
16,10,0.9
16,10,1.0
16,11,0.0
16,11,0.1
16,11,0.2
16,11,0.3
16,11,0.4
16,11,0.6
16,11,0.7
16,11,0.8
16,11,0.9
16,11,1.0
16,12,0.0
16,12,0.1
16,12,0.2
16,12,0.3
16,12,0.4
16,12,0.6
16,12,0.7
16,12,0.8
16,12,0.9
16,12,1.0
16,13,0.0
16,13,0.1
16,13,0.2
16,13,0.3
16,13,0.4
16,13,0.6
16,13,0.7
16,13,0.8
16,13,0.9
16,13,1.0
16,14,0.0
16,14,0.1
16,14,0.2
16,14,0.3
16,14,0.4
16,14,0.6
16,14,0.7
16,14,0.8
16,14,0.9
16,14,1.0
16,15,0.0
16,15,0.1
16,15,0.2
16,15,0.3
16,15,0.4
16,15,0.6
16,15,0.7
16,15,0.8
16,15,0.9
16,15,1.0
16,16,0.0
16,16,0.1
16,16,0.2
16,16,0.3
16,16,0.4
16,16,0.6
16,16,0.7
16,16,0.8
16,16,0.9
16,16,1.0
16,17,0.0
16,17,0.1
16,17,0.2
16,17,0.3
16,17,0.4
16,17,0.6
16,17,0.7
16,17,0.8
16,17,0.9
16,17,1.0
16,18,0.0
16,18,0.1
16,18,0.2
16,18,0.3
16,18,0.4
16,18,0.6
16,18,0.7
16,18,0.8
16,18,0.9
16,18,1.0
16,19,0.0
16,19,0.1
16,19,0.2
16,19,0.3
16,19,0.4
16,19,0.6
16,19,0.7
16,19,0.8
16,19,0.9
16,19,1.0
16,20,0.0
16,20,0.1
16,20,0.2
16,20,0.3
16,20,0.4
16,20,0.6
16,20,0.7
16,20,0.8
16,20,0.9
16,20,1.0
16,21,0.0
16,21,0.1
16,21,0.2
16,21,0.3
16,21,0.4
16,21,0.6
16,21,0.7
16,21,0.8
16,21,0.9
16,21,1.0
16,22,0.0
16,22,0.1
16,22,0.2
16,22,0.3
16,22,0.4
16,22,0.6
16,22,0.7
16,22,0.8
16,22,0.9
16,22,1.0
16,23,0.0
16,23,0.1
16,23,0.2
16,23,0.3
16,23,0.4
16,23,0.6
16,23,0.7
16,23,0.8
16,23,0.9
16,23,1.0
16,24,0.0
16,24,0.1
16,24,0.2
16,24,0.3
16,24,0.4
16,24,0.6
16,24,0.7
16,24,0.8
16,24,0.9
16,24,1.0
16,25,0.0
16,25,0.1
16,25,0.2
16,25,0.3
16,25,0.4
16,25,0.6
16,25,0.7
16,25,0.8
16,25,0.9
16,25,1.0
16,26,0.0
16,26,0.1
16,26,0.2
16,26,0.3
16,26,0.4
16,26,0.6
16,26,0.7
16,26,0.8
16,26,0.9
16,26,1.0
16,27,0.0
16,27,0.1
16,27,0.2
16,27,0.3
16,27,0.4
16,27,0.6
16,27,0.7
16,27,0.8
16,27,0.9
16,27,1.0
16,28,0.0
16,28,0.1
16,28,0.2
16,28,0.3
16,28,0.4
16,28,0.6
16,28,0.7
16,28,0.8
16,28,0.9
16,28,1.0
16,29,0.0
16,29,0.1
16,29,0.2
16,29,0.3
16,29,0.4
16,29,0.6
16,29,0.7
16,29,0.8
16,29,0.9
16,29,1.0
16,30,0.0
16,30,0.1
16,30,0.2
16,30,0.3
16,30,0.4
16,30,0.6
16,30,0.7
16,30,0.8
16,30,0.9
16,30,1.0
16,31,0.0
16,31,0.1
16,31,0.2
16,31,0.3
16,31,0.4
16,31,0.6
16,31,0.7
16,31,0.8
16,31,0.9
16,31,1.0
16,32,0.0
16,32,0.1
16,32,0.2
16,32,0.3
16,32,0.4
16,32,0.6
16,32,0.7
16,32,0.8
16,32,0.9
16,32,1.0
16,33,0.0
16,33,0.1
16,33,0.2
16,33,0.3
16,33,0.4
16,33,0.6
16,33,0.7
16,33,0.8
16,33,0.9
16,33,1.0
16,34,0.0
16,34,0.1
16,34,0.2
16,34,0.3
16,34,0.4
16,34,0.6
16,34,0.7
16,34,0.8
16,34,0.9
16,34,1.0
16,35,0.0
16,35,0.1
16,35,0.2
16,35,0.3
16,35,0.4
16,35,0.6
16,35,0.7
16,35,0.8
16,35,0.9
16,35,1.0
16,36,0.0
16,36,0.1
16,36,0.2
16,36,0.3
16,36,0.4
16,36,0.6
16,36,0.7
16,36,0.8
16,36,0.9
16,36,1.0
16,37,0.0
16,37,0.1
16,37,0.2
16,37,0.3
16,37,0.4
16,37,0.6
16,37,0.7
16,37,0.8
16,37,0.9
16,37,1.0
16,38,0.0
16,38,0.1
16,38,0.2
16,38,0.3
16,38,0.4
16,38,0.6
16,38,0.7
16,38,0.8
16,38,0.9
16,38,1.0
16,39,0.0
16,39,0.1
16,39,0.2
16,39,0.3
16,39,0.4
16,39,0.6
16,39,0.7
16,39,0.8
16,39,0.9
16,39,1.0
16,40,0.0
16,40,0.1
16,40,0.2
16,40,0.3
16,40,0.4
16,40,0.6
16,40,0.7
16,40,0.8
16,40,0.9
16,40,1.0
16,41,0.0
16,41,0.1
16,41,0.2
16,41,0.3
16,41,0.4
16,41,0.6
16,41,0.7
16,41,0.8
16,41,0.9
16,41,1.0
16,42,0.0
16,42,0.1
16,42,0.2
16,42,0.3
16,42,0.4
16,42,0.6
16,42,0.7
16,42,0.8
16,42,0.9
16,42,1.0
16,43,0.0
16,43,0.1
16,43,0.2
16,43,0.3
16,43,0.4
16,43,0.6
16,43,0.7
16,43,0.8
16,43,0.9
16,43,1.0
16,44,0.0
16,44,0.1
16,44,0.2
16,44,0.3
16,44,0.4
16,44,0.6
16,44,0.7
16,44,0.8
16,44,0.9
16,44,1.0
16,45,0.0
16,45,0.1
16,45,0.2
16,45,0.3
16,45,0.4
16,45,0.6
16,45,0.7
16,45,0.8
16,45,0.9
16,45,1.0
16,46,0.0
16,46,0.1
16,46,0.2
16,46,0.3
16,46,0.4
16,46,0.6
16,46,0.7
16,46,0.8
16,46,0.9
16,46,1.0
16,47,0.0
16,47,0.1
16,47,0.2
16,47,0.3
16,47,0.4
16,47,0.6
16,47,0.7
16,47,0.8
16,47,0.9
16,47,1.0
16,48,0.0
16,48,0.1
16,48,0.2
16,48,0.3
16,48,0.4
16,48,0.6
16,48,0.7
16,48,0.8
16,48,0.9
16,48,1.0
16,49,0.0
16,49,0.1
16,49,0.2
16,49,0.3
16,49,0.4
16,49,0.6
16,49,0.7
16,49,0.8
16,49,0.9
16,49,1.0
16,50,0.0
16,50,0.1
16,50,0.2
16,50,0.3
16,50,0.4
16,50,0.6
16,50,0.7
16,50,0.8
16,50,0.9
16,50,1.0
17,1,0.0
17,1,0.1
17,1,0.2
17,1,0.3
17,1,0.4
17,1,0.6
17,1,0.7
17,1,0.8
17,1,0.9
17,1,1.0
17,2,0.0
17,2,0.1
17,2,0.2
17,2,0.3
17,2,0.4
17,2,0.6
17,2,0.7
17,2,0.8
17,2,0.9
17,2,1.0
17,3,0.0
17,3,0.1
17,3,0.2
17,3,0.3
17,3,0.4
17,3,0.6
17,3,0.7
17,3,0.8
17,3,0.9
17,3,1.0
17,4,0.0
17,4,0.1
17,4,0.2
17,4,0.3
17,4,0.4
17,4,0.6
17,4,0.7
17,4,0.8
17,4,0.9
17,4,1.0
17,5,0.0
17,5,0.1
17,5,0.2
17,5,0.3
17,5,0.4
17,5,0.6
17,5,0.7
17,5,0.8
17,5,0.9
17,5,1.0
17,6,0.0
17,6,0.1
17,6,0.2
17,6,0.3
17,6,0.4
17,6,0.6
17,6,0.7
17,6,0.8
17,6,0.9
17,6,1.0
17,7,0.0
17,7,0.1
17,7,0.2
17,7,0.3
17,7,0.4
17,7,0.6
17,7,0.7
17,7,0.8
17,7,0.9
17,7,1.0
17,8,0.0
17,8,0.1
17,8,0.2
17,8,0.3
17,8,0.4
17,8,0.6
17,8,0.7
17,8,0.8
17,8,0.9
17,8,1.0
17,9,0.0
17,9,0.1
17,9,0.2
17,9,0.3
17,9,0.4
17,9,0.6
17,9,0.7
17,9,0.8
17,9,0.9
17,9,1.0
17,10,0.0
17,10,0.1
17,10,0.2
17,10,0.3
17,10,0.4
17,10,0.6
17,10,0.7
17,10,0.8
17,10,0.9
17,10,1.0
17,11,0.0
17,11,0.1
17,11,0.2
17,11,0.3
17,11,0.4
17,11,0.6
17,11,0.7
17,11,0.8
17,11,0.9
17,11,1.0
17,12,0.0
17,12,0.1
17,12,0.2
17,12,0.3
17,12,0.4
17,12,0.6
17,12,0.7
17,12,0.8
17,12,0.9
17,12,1.0
17,13,0.0
17,13,0.1
17,13,0.2
17,13,0.3
17,13,0.4
17,13,0.6
17,13,0.7
17,13,0.8
17,13,0.9
17,13,1.0
17,14,0.0
17,14,0.1
17,14,0.2
17,14,0.3
17,14,0.4
17,14,0.6
17,14,0.7
17,14,0.8
17,14,0.9
17,14,1.0
17,15,0.0
17,15,0.1
17,15,0.2
17,15,0.3
17,15,0.4
17,15,0.6
17,15,0.7
17,15,0.8
17,15,0.9
17,15,1.0
17,16,0.0
17,16,0.1
17,16,0.2
17,16,0.3
17,16,0.4
17,16,0.6
17,16,0.7
17,16,0.8
17,16,0.9
17,16,1.0
17,17,0.0
17,17,0.1
17,17,0.2
17,17,0.3
17,17,0.4
17,17,0.6
17,17,0.7
17,17,0.8
17,17,0.9
17,17,1.0
17,18,0.0
17,18,0.1
17,18,0.2
17,18,0.3
17,18,0.4
17,18,0.6
17,18,0.7
17,18,0.8
17,18,0.9
17,18,1.0
17,19,0.0
17,19,0.1
17,19,0.2
17,19,0.3
17,19,0.4
17,19,0.6
17,19,0.7
17,19,0.8
17,19,0.9
17,19,1.0
17,20,0.0
17,20,0.1
17,20,0.2
17,20,0.3
17,20,0.4
17,20,0.6
17,20,0.7
17,20,0.8
17,20,0.9
17,20,1.0
17,21,0.0
17,21,0.1
17,21,0.2
17,21,0.3
17,21,0.4
17,21,0.6
17,21,0.7
17,21,0.8
17,21,0.9
17,21,1.0
17,22,0.0
17,22,0.1
17,22,0.2
17,22,0.3
17,22,0.4
17,22,0.6
17,22,0.7
17,22,0.8
17,22,0.9
17,22,1.0
17,23,0.0
17,23,0.1
17,23,0.2
17,23,0.3
17,23,0.4
17,23,0.6
17,23,0.7
17,23,0.8
17,23,0.9
17,23,1.0
17,24,0.0
17,24,0.1
17,24,0.2
17,24,0.3
17,24,0.4
17,24,0.6
17,24,0.7
17,24,0.8
17,24,0.9
17,24,1.0
17,25,0.0
17,25,0.1
17,25,0.2
17,25,0.3
17,25,0.4
17,25,0.6
17,25,0.7
17,25,0.8
17,25,0.9
17,25,1.0
17,26,0.0
17,26,0.1
17,26,0.2
17,26,0.3
17,26,0.4
17,26,0.6
17,26,0.7
17,26,0.8
17,26,0.9
17,26,1.0
17,27,0.0
17,27,0.1
17,27,0.2
17,27,0.3
17,27,0.4
17,27,0.6
17,27,0.7
17,27,0.8
17,27,0.9
17,27,1.0
17,28,0.0
17,28,0.1
17,28,0.2
17,28,0.3
17,28,0.4
17,28,0.6
17,28,0.7
17,28,0.8
17,28,0.9
17,28,1.0
17,29,0.0
17,29,0.1
17,29,0.2
17,29,0.3
17,29,0.4
17,29,0.6
17,29,0.7
17,29,0.8
17,29,0.9
17,29,1.0
17,30,0.0
17,30,0.1
17,30,0.2
17,30,0.3
17,30,0.4
17,30,0.6
17,30,0.7
17,30,0.8
17,30,0.9
17,30,1.0
17,31,0.0
17,31,0.1
17,31,0.2
17,31,0.3
17,31,0.4
17,31,0.6
17,31,0.7
17,31,0.8
17,31,0.9
17,31,1.0
17,32,0.0
17,32,0.1
17,32,0.2
17,32,0.3
17,32,0.4
17,32,0.6
17,32,0.7
17,32,0.8
17,32,0.9
17,32,1.0
17,33,0.0
17,33,0.1
17,33,0.2
17,33,0.3
17,33,0.4
17,33,0.6
17,33,0.7
17,33,0.8
17,33,0.9
17,33,1.0
17,34,0.0
17,34,0.1
17,34,0.2
17,34,0.3
17,34,0.4
17,34,0.6
17,34,0.7
17,34,0.8
17,34,0.9
17,34,1.0
17,35,0.0
17,35,0.1
17,35,0.2
17,35,0.3
17,35,0.4
17,35,0.6
17,35,0.7
17,35,0.8
17,35,0.9
17,35,1.0
17,36,0.0
17,36,0.1
17,36,0.2
17,36,0.3
17,36,0.4
17,36,0.6
17,36,0.7
17,36,0.8
17,36,0.9
17,36,1.0
17,37,0.0
17,37,0.1
17,37,0.2
17,37,0.3
17,37,0.4
17,37,0.6
17,37,0.7
17,37,0.8
17,37,0.9
17,37,1.0
17,38,0.0
17,38,0.1
17,38,0.2
17,38,0.3
17,38,0.4
17,38,0.6
17,38,0.7
17,38,0.8
17,38,0.9
17,38,1.0
17,39,0.0
17,39,0.1
17,39,0.2
17,39,0.3
17,39,0.4
17,39,0.6
17,39,0.7
17,39,0.8
17,39,0.9
17,39,1.0
17,40,0.0
17,40,0.1
17,40,0.2
17,40,0.3
17,40,0.4
17,40,0.6
17,40,0.7
17,40,0.8
17,40,0.9
17,40,1.0
17,41,0.0
17,41,0.1
17,41,0.2
17,41,0.3
17,41,0.4
17,41,0.6
17,41,0.7
17,41,0.8
17,41,0.9
17,41,1.0
17,42,0.0
17,42,0.1
17,42,0.2
17,42,0.3
17,42,0.4
17,42,0.6
17,42,0.7
17,42,0.8
17,42,0.9
17,42,1.0
17,43,0.0
17,43,0.1
17,43,0.2
17,43,0.3
17,43,0.4
17,43,0.6
17,43,0.7
17,43,0.8
17,43,0.9
17,43,1.0
17,44,0.0
17,44,0.1
17,44,0.2
17,44,0.3
17,44,0.4
17,44,0.6
17,44,0.7
17,44,0.8
17,44,0.9
17,44,1.0
17,45,0.0
17,45,0.1
17,45,0.2
17,45,0.3
17,45,0.4
17,45,0.6
17,45,0.7
17,45,0.8
17,45,0.9
17,45,1.0
17,46,0.0
17,46,0.1
17,46,0.2
17,46,0.3
17,46,0.4
17,46,0.6
17,46,0.7
17,46,0.8
17,46,0.9
17,46,1.0
17,47,0.0
17,47,0.1
17,47,0.2
17,47,0.3
17,47,0.4
17,47,0.6
17,47,0.7
17,47,0.8
17,47,0.9
17,47,1.0
17,48,0.0
17,48,0.1
17,48,0.2
17,48,0.3
17,48,0.4
17,48,0.6
17,48,0.7
17,48,0.8
17,48,0.9
17,48,1.0
17,49,0.0
17,49,0.1
17,49,0.2
17,49,0.3
17,49,0.4
17,49,0.6
17,49,0.7
17,49,0.8
17,49,0.9
17,49,1.0
17,50,0.0
17,50,0.1
17,50,0.2
17,50,0.3
17,50,0.4
17,50,0.6
17,50,0.7
17,50,0.8
17,50,0.9
17,50,1.0
18,1,0.0
18,1,0.1
18,1,0.2
18,1,0.3
18,1,0.4
18,1,0.6
18,1,0.7
18,1,0.8
18,1,0.9
18,1,1.0
18,2,0.0
18,2,0.1
18,2,0.2
18,2,0.3
18,2,0.4
18,2,0.6
18,2,0.7
18,2,0.8
18,2,0.9
18,2,1.0
18,3,0.0
18,3,0.1
18,3,0.2
18,3,0.3
18,3,0.4
18,3,0.6
18,3,0.7
18,3,0.8
18,3,0.9
18,3,1.0
18,4,0.0
18,4,0.1
18,4,0.2
18,4,0.3
18,4,0.4
18,4,0.6
18,4,0.7
18,4,0.8
18,4,0.9
18,4,1.0
18,5,0.0
18,5,0.1
18,5,0.2
18,5,0.3
18,5,0.4
18,5,0.6
18,5,0.7
18,5,0.8
18,5,0.9
18,5,1.0
18,6,0.0
18,6,0.1
18,6,0.2
18,6,0.3
18,6,0.4
18,6,0.6
18,6,0.7
18,6,0.8
18,6,0.9
18,6,1.0
18,7,0.0
18,7,0.1
18,7,0.2
18,7,0.3
18,7,0.4
18,7,0.6
18,7,0.7
18,7,0.8
18,7,0.9
18,7,1.0
18,8,0.0
18,8,0.1
18,8,0.2
18,8,0.3
18,8,0.4
18,8,0.6
18,8,0.7
18,8,0.8
18,8,0.9
18,8,1.0
18,9,0.0
18,9,0.1
18,9,0.2
18,9,0.3
18,9,0.4
18,9,0.6
18,9,0.7
18,9,0.8
18,9,0.9
18,9,1.0
18,10,0.0
18,10,0.1
18,10,0.2
18,10,0.3
18,10,0.4
18,10,0.6
18,10,0.7
18,10,0.8
18,10,0.9
18,10,1.0
18,11,0.0
18,11,0.1
18,11,0.2
18,11,0.3
18,11,0.4
18,11,0.6
18,11,0.7
18,11,0.8
18,11,0.9
18,11,1.0
18,12,0.0
18,12,0.1
18,12,0.2
18,12,0.3
18,12,0.4
18,12,0.6
18,12,0.7
18,12,0.8
18,12,0.9
18,12,1.0
18,13,0.0
18,13,0.1
18,13,0.2
18,13,0.3
18,13,0.4
18,13,0.6
18,13,0.7
18,13,0.8
18,13,0.9
18,13,1.0
18,14,0.0
18,14,0.1
18,14,0.2
18,14,0.3
18,14,0.4
18,14,0.6
18,14,0.7
18,14,0.8
18,14,0.9
18,14,1.0
18,15,0.0
18,15,0.1
18,15,0.2
18,15,0.3
18,15,0.4
18,15,0.6
18,15,0.7
18,15,0.8
18,15,0.9
18,15,1.0
18,16,0.0
18,16,0.1
18,16,0.2
18,16,0.3
18,16,0.4
18,16,0.6
18,16,0.7
18,16,0.8
18,16,0.9
18,16,1.0
18,17,0.0
18,17,0.1
18,17,0.2
18,17,0.3
18,17,0.4
18,17,0.6
18,17,0.7
18,17,0.8
18,17,0.9
18,17,1.0
18,18,0.0
18,18,0.1
18,18,0.2
18,18,0.3
18,18,0.4
18,18,0.6
18,18,0.7
18,18,0.8
18,18,0.9
18,18,1.0
18,19,0.0
18,19,0.1
18,19,0.2
18,19,0.3
18,19,0.4
18,19,0.6
18,19,0.7
18,19,0.8
18,19,0.9
18,19,1.0
18,20,0.0
18,20,0.1
18,20,0.2
18,20,0.3
18,20,0.4
18,20,0.6
18,20,0.7
18,20,0.8
18,20,0.9
18,20,1.0
18,21,0.0
18,21,0.1
18,21,0.2
18,21,0.3
18,21,0.4
18,21,0.6
18,21,0.7
18,21,0.8
18,21,0.9
18,21,1.0
18,22,0.0
18,22,0.1
18,22,0.2
18,22,0.3
18,22,0.4
18,22,0.6
18,22,0.7
18,22,0.8
18,22,0.9
18,22,1.0
18,23,0.0
18,23,0.1
18,23,0.2
18,23,0.3
18,23,0.4
18,23,0.6
18,23,0.7
18,23,0.8
18,23,0.9
18,23,1.0
18,24,0.0
18,24,0.1
18,24,0.2
18,24,0.3
18,24,0.4
18,24,0.6
18,24,0.7
18,24,0.8
18,24,0.9
18,24,1.0
18,25,0.0
18,25,0.1
18,25,0.2
18,25,0.3
18,25,0.4
18,25,0.6
18,25,0.7
18,25,0.8
18,25,0.9
18,25,1.0
18,26,0.0
18,26,0.1
18,26,0.2
18,26,0.3
18,26,0.4
18,26,0.6
18,26,0.7
18,26,0.8
18,26,0.9
18,26,1.0
18,27,0.0
18,27,0.1
18,27,0.2
18,27,0.3
18,27,0.4
18,27,0.6
18,27,0.7
18,27,0.8
18,27,0.9
18,27,1.0
18,28,0.0
18,28,0.1
18,28,0.2
18,28,0.3
18,28,0.4
18,28,0.6
18,28,0.7
18,28,0.8
18,28,0.9
18,28,1.0
18,29,0.0
18,29,0.1
18,29,0.2
18,29,0.3
18,29,0.4
18,29,0.6
18,29,0.7
18,29,0.8
18,29,0.9
18,29,1.0
18,30,0.0
18,30,0.1
18,30,0.2
18,30,0.3
18,30,0.4
18,30,0.6
18,30,0.7
18,30,0.8
18,30,0.9
18,30,1.0
18,31,0.0
18,31,0.1
18,31,0.2
18,31,0.3
18,31,0.4
18,31,0.6
18,31,0.7
18,31,0.8
18,31,0.9
18,31,1.0
18,32,0.0
18,32,0.1
18,32,0.2
18,32,0.3
18,32,0.4
18,32,0.6
18,32,0.7
18,32,0.8
18,32,0.9
18,32,1.0
18,33,0.0
18,33,0.1
18,33,0.2
18,33,0.3
18,33,0.4
18,33,0.6
18,33,0.7
18,33,0.8
18,33,0.9
18,33,1.0
18,34,0.0
18,34,0.1
18,34,0.2
18,34,0.3
18,34,0.4
18,34,0.6
18,34,0.7
18,34,0.8
18,34,0.9
18,34,1.0
18,35,0.0
18,35,0.1
18,35,0.2
18,35,0.3
18,35,0.4
18,35,0.6
18,35,0.7
18,35,0.8
18,35,0.9
18,35,1.0
18,36,0.0
18,36,0.1
18,36,0.2
18,36,0.3
18,36,0.4
18,36,0.6
18,36,0.7
18,36,0.8
18,36,0.9
18,36,1.0
18,37,0.0
18,37,0.1
18,37,0.2
18,37,0.3
18,37,0.4
18,37,0.6
18,37,0.7
18,37,0.8
18,37,0.9
18,37,1.0
18,38,0.0
18,38,0.1
18,38,0.2
18,38,0.3
18,38,0.4
18,38,0.6
18,38,0.7
18,38,0.8
18,38,0.9
18,38,1.0
18,39,0.0
18,39,0.1
18,39,0.2
18,39,0.3
18,39,0.4
18,39,0.6
18,39,0.7
18,39,0.8
18,39,0.9
18,39,1.0
18,40,0.0
18,40,0.1
18,40,0.2
18,40,0.3
18,40,0.4
18,40,0.6
18,40,0.7
18,40,0.8
18,40,0.9
18,40,1.0
18,41,0.0
18,41,0.1
18,41,0.2
18,41,0.3
18,41,0.4
18,41,0.6
18,41,0.7
18,41,0.8
18,41,0.9
18,41,1.0
18,42,0.0
18,42,0.1
18,42,0.2
18,42,0.3
18,42,0.4
18,42,0.6
18,42,0.7
18,42,0.8
18,42,0.9
18,42,1.0
18,43,0.0
18,43,0.1
18,43,0.2
18,43,0.3
18,43,0.4
18,43,0.6
18,43,0.7
18,43,0.8
18,43,0.9
18,43,1.0
18,44,0.0
18,44,0.1
18,44,0.2
18,44,0.3
18,44,0.4
18,44,0.6
18,44,0.7
18,44,0.8
18,44,0.9
18,44,1.0
18,45,0.0
18,45,0.1
18,45,0.2
18,45,0.3
18,45,0.4
18,45,0.6
18,45,0.7
18,45,0.8
18,45,0.9
18,45,1.0
18,46,0.0
18,46,0.1
18,46,0.2
18,46,0.3
18,46,0.4
18,46,0.6
18,46,0.7
18,46,0.8
18,46,0.9
18,46,1.0
18,47,0.0
18,47,0.1
18,47,0.2
18,47,0.3
18,47,0.4
18,47,0.6
18,47,0.7
18,47,0.8
18,47,0.9
18,47,1.0
18,48,0.0
18,48,0.1
18,48,0.2
18,48,0.3
18,48,0.4
18,48,0.6
18,48,0.7
18,48,0.8
18,48,0.9
18,48,1.0
18,49,0.0
18,49,0.1
18,49,0.2
18,49,0.3
18,49,0.4
18,49,0.6
18,49,0.7
18,49,0.8
18,49,0.9
18,49,1.0
18,50,0.0
18,50,0.1
18,50,0.2
18,50,0.3
18,50,0.4
18,50,0.6
18,50,0.7
18,50,0.8
18,50,0.9
18,50,1.0
19,1,0.0
19,1,0.1
19,1,0.2
19,1,0.3
19,1,0.4
19,1,0.6
19,1,0.7
19,1,0.8
19,1,0.9
19,1,1.0
19,2,0.0
19,2,0.1
19,2,0.2
19,2,0.3
19,2,0.4
19,2,0.6
19,2,0.7
19,2,0.8
19,2,0.9
19,2,1.0
19,3,0.0
19,3,0.1
19,3,0.2
19,3,0.3
19,3,0.4
19,3,0.6
19,3,0.7
19,3,0.8
19,3,0.9
19,3,1.0
19,4,0.0
19,4,0.1
19,4,0.2
19,4,0.3
19,4,0.4
19,4,0.6
19,4,0.7
19,4,0.8
19,4,0.9
19,4,1.0
19,5,0.0
19,5,0.1
19,5,0.2
19,5,0.3
19,5,0.4
19,5,0.6
19,5,0.7
19,5,0.8
19,5,0.9
19,5,1.0
19,6,0.0
19,6,0.1
19,6,0.2
19,6,0.3
19,6,0.4
19,6,0.6
19,6,0.7
19,6,0.8
19,6,0.9
19,6,1.0
19,7,0.0
19,7,0.1
19,7,0.2
19,7,0.3
19,7,0.4
19,7,0.6
19,7,0.7
19,7,0.8
19,7,0.9
19,7,1.0
19,8,0.0
19,8,0.1
19,8,0.2
19,8,0.3
19,8,0.4
19,8,0.6
19,8,0.7
19,8,0.8
19,8,0.9
19,8,1.0
19,9,0.0
19,9,0.1
19,9,0.2
19,9,0.3
19,9,0.4
19,9,0.6
19,9,0.7
19,9,0.8
19,9,0.9
19,9,1.0
19,10,0.0
19,10,0.1
19,10,0.2
19,10,0.3
19,10,0.4
19,10,0.6
19,10,0.7
19,10,0.8
19,10,0.9
19,10,1.0
19,11,0.0
19,11,0.1
19,11,0.2
19,11,0.3
19,11,0.4
19,11,0.6
19,11,0.7
19,11,0.8
19,11,0.9
19,11,1.0
19,12,0.0
19,12,0.1
19,12,0.2
19,12,0.3
19,12,0.4
19,12,0.6
19,12,0.7
19,12,0.8
19,12,0.9
19,12,1.0
19,13,0.0
19,13,0.1
19,13,0.2
19,13,0.3
19,13,0.4
19,13,0.6
19,13,0.7
19,13,0.8
19,13,0.9
19,13,1.0
19,14,0.0
19,14,0.1
19,14,0.2
19,14,0.3
19,14,0.4
19,14,0.6
19,14,0.7
19,14,0.8
19,14,0.9
19,14,1.0
19,15,0.0
19,15,0.1
19,15,0.2
19,15,0.3
19,15,0.4
19,15,0.6
19,15,0.7
19,15,0.8
19,15,0.9
19,15,1.0
19,16,0.0
19,16,0.1
19,16,0.2
19,16,0.3
19,16,0.4
19,16,0.6
19,16,0.7
19,16,0.8
19,16,0.9
19,16,1.0
19,17,0.0
19,17,0.1
19,17,0.2
19,17,0.3
19,17,0.4
19,17,0.6
19,17,0.7
19,17,0.8
19,17,0.9
19,17,1.0
19,18,0.0
19,18,0.1
19,18,0.2
19,18,0.3
19,18,0.4
19,18,0.6
19,18,0.7
19,18,0.8
19,18,0.9
19,18,1.0
19,19,0.0
19,19,0.1
19,19,0.2
19,19,0.3
19,19,0.4
19,19,0.6
19,19,0.7
19,19,0.8
19,19,0.9
19,19,1.0
19,20,0.0
19,20,0.1
19,20,0.2
19,20,0.3
19,20,0.4
19,20,0.6
19,20,0.7
19,20,0.8
19,20,0.9
19,20,1.0
19,21,0.0
19,21,0.1
19,21,0.2
19,21,0.3
19,21,0.4
19,21,0.6
19,21,0.7
19,21,0.8
19,21,0.9
19,21,1.0
19,22,0.0
19,22,0.1
19,22,0.2
19,22,0.3
19,22,0.4
19,22,0.6
19,22,0.7
19,22,0.8
19,22,0.9
19,22,1.0
19,23,0.0
19,23,0.1
19,23,0.2
19,23,0.3
19,23,0.4
19,23,0.6
19,23,0.7
19,23,0.8
19,23,0.9
19,23,1.0
19,24,0.0
19,24,0.1
19,24,0.2
19,24,0.3
19,24,0.4
19,24,0.6
19,24,0.7
19,24,0.8
19,24,0.9
19,24,1.0
19,25,0.0
19,25,0.1
19,25,0.2
19,25,0.3
19,25,0.4
19,25,0.6
19,25,0.7
19,25,0.8
19,25,0.9
19,25,1.0
19,26,0.0
19,26,0.1
19,26,0.2
19,26,0.3
19,26,0.4
19,26,0.6
19,26,0.7
19,26,0.8
19,26,0.9
19,26,1.0
19,27,0.0
19,27,0.1
19,27,0.2
19,27,0.3
19,27,0.4
19,27,0.6
19,27,0.7
19,27,0.8
19,27,0.9
19,27,1.0
19,28,0.0
19,28,0.1
19,28,0.2
19,28,0.3
19,28,0.4
19,28,0.6
19,28,0.7
19,28,0.8
19,28,0.9
19,28,1.0
19,29,0.0
19,29,0.1
19,29,0.2
19,29,0.3
19,29,0.4
19,29,0.6
19,29,0.7
19,29,0.8
19,29,0.9
19,29,1.0
19,30,0.0
19,30,0.1
19,30,0.2
19,30,0.3
19,30,0.4
19,30,0.6
19,30,0.7
19,30,0.8
19,30,0.9
19,30,1.0
19,31,0.0
19,31,0.1
19,31,0.2
19,31,0.3
19,31,0.4
19,31,0.6
19,31,0.7
19,31,0.8
19,31,0.9
19,31,1.0
19,32,0.0
19,32,0.1
19,32,0.2
19,32,0.3
19,32,0.4
19,32,0.6
19,32,0.7
19,32,0.8
19,32,0.9
19,32,1.0
19,33,0.0
19,33,0.1
19,33,0.2
19,33,0.3
19,33,0.4
19,33,0.6
19,33,0.7
19,33,0.8
19,33,0.9
19,33,1.0
19,34,0.0
19,34,0.1
19,34,0.2
19,34,0.3
19,34,0.4
19,34,0.6
19,34,0.7
19,34,0.8
19,34,0.9
19,34,1.0
19,35,0.0
19,35,0.1
19,35,0.2
19,35,0.3
19,35,0.4
19,35,0.6
19,35,0.7
19,35,0.8
19,35,0.9
19,35,1.0
19,36,0.0
19,36,0.1
19,36,0.2
19,36,0.3
19,36,0.4
19,36,0.6
19,36,0.7
19,36,0.8
19,36,0.9
19,36,1.0
19,37,0.0
19,37,0.1
19,37,0.2
19,37,0.3
19,37,0.4
19,37,0.6
19,37,0.7
19,37,0.8
19,37,0.9
19,37,1.0
19,38,0.0
19,38,0.1
19,38,0.2
19,38,0.3
19,38,0.4
19,38,0.6
19,38,0.7
19,38,0.8
19,38,0.9
19,38,1.0
19,39,0.0
19,39,0.1
19,39,0.2
19,39,0.3
19,39,0.4
19,39,0.6
19,39,0.7
19,39,0.8
19,39,0.9
19,39,1.0
19,40,0.0
19,40,0.1
19,40,0.2
19,40,0.3
19,40,0.4
19,40,0.6
19,40,0.7
19,40,0.8
19,40,0.9
19,40,1.0
19,41,0.0
19,41,0.1
19,41,0.2
19,41,0.3
19,41,0.4
19,41,0.6
19,41,0.7
19,41,0.8
19,41,0.9
19,41,1.0
19,42,0.0
19,42,0.1
19,42,0.2
19,42,0.3
19,42,0.4
19,42,0.6
19,42,0.7
19,42,0.8
19,42,0.9
19,42,1.0
19,43,0.0
19,43,0.1
19,43,0.2
19,43,0.3
19,43,0.4
19,43,0.6
19,43,0.7
19,43,0.8
19,43,0.9
19,43,1.0
19,44,0.0
19,44,0.1
19,44,0.2
19,44,0.3
19,44,0.4
19,44,0.6
19,44,0.7
19,44,0.8
19,44,0.9
19,44,1.0
19,45,0.0
19,45,0.1
19,45,0.2
19,45,0.3
19,45,0.4
19,45,0.6
19,45,0.7
19,45,0.8
19,45,0.9
19,45,1.0
19,46,0.0
19,46,0.1
19,46,0.2
19,46,0.3
19,46,0.4
19,46,0.6
19,46,0.7
19,46,0.8
19,46,0.9
19,46,1.0
19,47,0.0
19,47,0.1
19,47,0.2
19,47,0.3
19,47,0.4
19,47,0.6
19,47,0.7
19,47,0.8
19,47,0.9
19,47,1.0
19,48,0.0
19,48,0.1
19,48,0.2
19,48,0.3
19,48,0.4
19,48,0.6
19,48,0.7
19,48,0.8
19,48,0.9
19,48,1.0
19,49,0.0
19,49,0.1
19,49,0.2
19,49,0.3
19,49,0.4
19,49,0.6
19,49,0.7
19,49,0.8
19,49,0.9
19,49,1.0
19,50,0.0
19,50,0.1
19,50,0.2
19,50,0.3
19,50,0.4
19,50,0.6
19,50,0.7
19,50,0.8
19,50,0.9
19,50,1.0
20,1,0.0
20,1,0.1
20,1,0.2
20,1,0.3
20,1,0.4
20,1,0.6
20,1,0.7
20,1,0.8
20,1,0.9
20,1,1.0
20,2,0.0
20,2,0.1
20,2,0.2
20,2,0.3
20,2,0.4
20,2,0.6
20,2,0.7
20,2,0.8
20,2,0.9
20,2,1.0
20,3,0.0
20,3,0.1
20,3,0.2
20,3,0.3
20,3,0.4
20,3,0.6
20,3,0.7
20,3,0.8
20,3,0.9
20,3,1.0
20,4,0.0
20,4,0.1
20,4,0.2
20,4,0.3
20,4,0.4
20,4,0.6
20,4,0.7
20,4,0.8
20,4,0.9
20,4,1.0
20,5,0.0
20,5,0.1
20,5,0.2
20,5,0.3
20,5,0.4
20,5,0.6
20,5,0.7
20,5,0.8
20,5,0.9
20,5,1.0
20,6,0.0
20,6,0.1
20,6,0.2
20,6,0.3
20,6,0.4
20,6,0.6
20,6,0.7
20,6,0.8
20,6,0.9
20,6,1.0
20,7,0.0
20,7,0.1
20,7,0.2
20,7,0.3
20,7,0.4
20,7,0.6
20,7,0.7
20,7,0.8
20,7,0.9
20,7,1.0
20,8,0.0
20,8,0.1
20,8,0.2
20,8,0.3
20,8,0.4
20,8,0.6
20,8,0.7
20,8,0.8
20,8,0.9
20,8,1.0
20,9,0.0
20,9,0.1
20,9,0.2
20,9,0.3
20,9,0.4
20,9,0.6
20,9,0.7
20,9,0.8
20,9,0.9
20,9,1.0
20,10,0.0
20,10,0.1
20,10,0.2
20,10,0.3
20,10,0.4
20,10,0.6
20,10,0.7
20,10,0.8
20,10,0.9
20,10,1.0
20,11,0.0
20,11,0.1
20,11,0.2
20,11,0.3
20,11,0.4
20,11,0.6
20,11,0.7
20,11,0.8
20,11,0.9
20,11,1.0
20,12,0.0
20,12,0.1
20,12,0.2
20,12,0.3
20,12,0.4
20,12,0.6
20,12,0.7
20,12,0.8
20,12,0.9
20,12,1.0
20,13,0.0
20,13,0.1
20,13,0.2
20,13,0.3
20,13,0.4
20,13,0.6
20,13,0.7
20,13,0.8
20,13,0.9
20,13,1.0
20,14,0.0
20,14,0.1
20,14,0.2
20,14,0.3
20,14,0.4
20,14,0.6
20,14,0.7
20,14,0.8
20,14,0.9
20,14,1.0
20,15,0.0
20,15,0.1
20,15,0.2
20,15,0.3
20,15,0.4
20,15,0.6
20,15,0.7
20,15,0.8
20,15,0.9
20,15,1.0
20,16,0.0
20,16,0.1
20,16,0.2
20,16,0.3
20,16,0.4
20,16,0.6
20,16,0.7
20,16,0.8
20,16,0.9
20,16,1.0
20,17,0.0
20,17,0.1
20,17,0.2
20,17,0.3
20,17,0.4
20,17,0.6
20,17,0.7
20,17,0.8
20,17,0.9
20,17,1.0
20,18,0.0
20,18,0.1
20,18,0.2
20,18,0.3
20,18,0.4
20,18,0.6
20,18,0.7
20,18,0.8
20,18,0.9
20,18,1.0
20,19,0.0
20,19,0.1
20,19,0.2
20,19,0.3
20,19,0.4
20,19,0.6
20,19,0.7
20,19,0.8
20,19,0.9
20,19,1.0
20,20,0.0
20,20,0.1
20,20,0.2
20,20,0.3
20,20,0.4
20,20,0.6
20,20,0.7
20,20,0.8
20,20,0.9
20,20,1.0
20,21,0.0
20,21,0.1
20,21,0.2
20,21,0.3
20,21,0.4
20,21,0.6
20,21,0.7
20,21,0.8
20,21,0.9
20,21,1.0
20,22,0.0
20,22,0.1
20,22,0.2
20,22,0.3
20,22,0.4
20,22,0.6
20,22,0.7
20,22,0.8
20,22,0.9
20,22,1.0
20,23,0.0
20,23,0.1
20,23,0.2
20,23,0.3
20,23,0.4
20,23,0.6
20,23,0.7
20,23,0.8
20,23,0.9
20,23,1.0
20,24,0.0
20,24,0.1
20,24,0.2
20,24,0.3
20,24,0.4
20,24,0.6
20,24,0.7
20,24,0.8
20,24,0.9
20,24,1.0
20,25,0.0
20,25,0.1
20,25,0.2
20,25,0.3
20,25,0.4
20,25,0.6
20,25,0.7
20,25,0.8
20,25,0.9
20,25,1.0
20,26,0.0
20,26,0.1
20,26,0.2
20,26,0.3
20,26,0.4
20,26,0.6
20,26,0.7
20,26,0.8
20,26,0.9
20,26,1.0
20,27,0.0
20,27,0.1
20,27,0.2
20,27,0.3
20,27,0.4
20,27,0.6
20,27,0.7
20,27,0.8
20,27,0.9
20,27,1.0
20,28,0.0
20,28,0.1
20,28,0.2
20,28,0.3
20,28,0.4
20,28,0.6
20,28,0.7
20,28,0.8
20,28,0.9
20,28,1.0
20,29,0.0
20,29,0.1
20,29,0.2
20,29,0.3
20,29,0.4
20,29,0.6
20,29,0.7
20,29,0.8
20,29,0.9
20,29,1.0
20,30,0.0
20,30,0.1
20,30,0.2
20,30,0.3
20,30,0.4
20,30,0.6
20,30,0.7
20,30,0.8
20,30,0.9
20,30,1.0
20,31,0.0
20,31,0.1
20,31,0.2
20,31,0.3
20,31,0.4
20,31,0.6
20,31,0.7
20,31,0.8
20,31,0.9
20,31,1.0
20,32,0.0
20,32,0.1
20,32,0.2
20,32,0.3
20,32,0.4
20,32,0.6
20,32,0.7
20,32,0.8
20,32,0.9
20,32,1.0
20,33,0.0
20,33,0.1
20,33,0.2
20,33,0.3
20,33,0.4
20,33,0.6
20,33,0.7
20,33,0.8
20,33,0.9
20,33,1.0
20,34,0.0
20,34,0.1
20,34,0.2
20,34,0.3
20,34,0.4
20,34,0.6
20,34,0.7
20,34,0.8
20,34,0.9
20,34,1.0
20,35,0.0
20,35,0.1
20,35,0.2
20,35,0.3
20,35,0.4
20,35,0.6
20,35,0.7
20,35,0.8
20,35,0.9
20,35,1.0
20,36,0.0
20,36,0.1
20,36,0.2
20,36,0.3
20,36,0.4
20,36,0.6
20,36,0.7
20,36,0.8
20,36,0.9
20,36,1.0
20,37,0.0
20,37,0.1
20,37,0.2
20,37,0.3
20,37,0.4
20,37,0.6
20,37,0.7
20,37,0.8
20,37,0.9
20,37,1.0
20,38,0.0
20,38,0.1
20,38,0.2
20,38,0.3
20,38,0.4
20,38,0.6
20,38,0.7
20,38,0.8
20,38,0.9
20,38,1.0
20,39,0.0
20,39,0.1
20,39,0.2
20,39,0.3
20,39,0.4
20,39,0.6
20,39,0.7
20,39,0.8
20,39,0.9
20,39,1.0
20,40,0.0
20,40,0.1
20,40,0.2
20,40,0.3
20,40,0.4
20,40,0.6
20,40,0.7
20,40,0.8
20,40,0.9
20,40,1.0
20,41,0.0
20,41,0.1
20,41,0.2
20,41,0.3
20,41,0.4
20,41,0.6
20,41,0.7
20,41,0.8
20,41,0.9
20,41,1.0
20,42,0.0
20,42,0.1
20,42,0.2
20,42,0.3
20,42,0.4
20,42,0.6
20,42,0.7
20,42,0.8
20,42,0.9
20,42,1.0
20,43,0.0
20,43,0.1
20,43,0.2
20,43,0.3
20,43,0.4
20,43,0.6
20,43,0.7
20,43,0.8
20,43,0.9
20,43,1.0
20,44,0.0
20,44,0.1
20,44,0.2
20,44,0.3
20,44,0.4
20,44,0.6
20,44,0.7
20,44,0.8
20,44,0.9
20,44,1.0
20,45,0.0
20,45,0.1
20,45,0.2
20,45,0.3
20,45,0.4
20,45,0.6
20,45,0.7
20,45,0.8
20,45,0.9
20,45,1.0
20,46,0.0
20,46,0.1
20,46,0.2
20,46,0.3
20,46,0.4
20,46,0.6
20,46,0.7
20,46,0.8
20,46,0.9
20,46,1.0
20,47,0.0
20,47,0.1
20,47,0.2
20,47,0.3
20,47,0.4
20,47,0.6
20,47,0.7
20,47,0.8
20,47,0.9
20,47,1.0
20,48,0.0
20,48,0.1
20,48,0.2
20,48,0.3
20,48,0.4
20,48,0.6
20,48,0.7
20,48,0.8
20,48,0.9
20,48,1.0
20,49,0.0
20,49,0.1
20,49,0.2
20,49,0.3
20,49,0.4
20,49,0.6
20,49,0.7
20,49,0.8
20,49,0.9
20,49,1.0
20,50,0.0
20,50,0.1
20,50,0.2
20,50,0.3
20,50,0.4
20,50,0.6
20,50,0.7
20,50,0.8
20,50,0.9
20,50,1.0
