bin_index,bin_from,bin_to,interpolation
1,0.000000,0.000000,0.0
2,0.000000,0.010000,0.005
3,0.010000,0.020000,0.015
4,0.020000,0.030000,0.025
5,0.030000,0.040000,0.035
6,0.040000,0.050000,0.045
7,0.050000,0.060000,0.055
8,0.060000,0.070000,0.065
9,0.070000,0.080000,0.075
10,0.080000,0.090000,0.085
11,0.090000,0.100000,0.095
12,0.100000,0.110000,0.105
13,0.110000,0.120000,0.115
14,0.120000,0.130000,0.125
15,0.130000,0.140000,0.135
16,0.140000,0.150000,0.145
17,0.150000,0.160000,0.155
18,0.160000,0.170000,0.165
19,0.170000,0.180000,0.175
20,0.180000,0.190000,0.185
21,0.190000,0.200000,0.195
22,0.200000,0.210000,0.205
23,0.210000,0.220000,0.215
24,0.220000,0.230000,0.225
25,0.230000,0.240000,0.235
26,0.240000,0.250000,0.245
27,0.250000,0.260000,0.255
28,0.260000,0.270000,0.265
29,0.270000,0.280000,0.275
30,0.280000,0.290000,0.285
31,0.290000,0.300000,0.295
32,0.300000,0.310000,0.305
33,0.310000,0.320000,0.315
34,0.320000,0.330000,0.325
35,0.330000,0.340000,0.335
36,0.340000,0.350000,0.345
37,0.350000,0.360000,0.355
38,0.360000,0.370000,0.365
39,0.370000,0.380000,0.375
40,0.380000,0.390000,0.385
41,0.390000,0.400000,0.395
42,0.400000,0.410000,0.405
43,0.410000,0.420000,0.415
44,0.420000,0.430000,0.425
45,0.430000,0.440000,0.435
46,0.440000,0.450000,0.445
47,0.450000,0.460000,0.455
48,0.460000,0.470000,0.465
49,0.470000,0.480000,0.475
50,0.480000,0.490000,0.485
51,0.490000,0.500000,0.495
52,0.500000,0.510000,0.505
53,0.510000,0.520000,0.515
54,0.520000,0.530000,0.525
55,0.530000,0.540000,0.535
56,0.540000,0.550000,0.545
57,0.550000,0.560000,0.555
58,0.560000,0.570000,0.565
59,0.570000,0.580000,0.575
60,0.580000,0.590000,0.585
61,0.590000,0.600000,0.595
62,0.600000,0.610000,0.605
63,0.610000,0.620000,0.615
64,0.620000,0.630000,0.625
65,0.630000,0.640000,0.635
66,0.640000,0.650000,0.645
67,0.650000,0.660000,0.655
68,0.660000,0.670000,0.665
69,0.670000,0.680000,0.675
70,0.680000,0.690000,0.685
71,0.690000,0.700000,0.695
72,0.700000,0.710000,0.705
73,0.710000,0.720000,0.715
74,0.720000,0.730000,0.725
75,0.730000,0.740000,0.735
76,0.740000,0.750000,0.745
77,0.750000,0.760000,0.755
78,0.760000,0.770000,0.765
79,0.770000,0.780000,0.775
80,0.780000,0.790000,0.785
81,0.790000,0.800000,0.795
82,0.800000,0.810000,0.805
83,0.810000,0.820000,0.815
84,0.820000,0.830000,0.825
85,0.830000,0.840000,0.835
86,0.840000,0.850000,0.845
87,0.850000,0.860000,0.855
88,0.860000,0.870000,0.865
89,0.870000,0.880000,0.875
90,0.880000,0.890000,0.885
91,0.890000,0.900000,0.895
92,0.900000,0.910000,0.905
93,0.910000,0.920000,0.915
94,0.920000,0.930000,0.925
95,0.930000,0.940000,0.935
96,0.940000,0.950000,0.945
97,0.950000,0.960000,0.955
98,0.960000,0.970000,0.965
99,0.970000,0.980000,0.975
100,0.980000,0.990000,0.985
101,0.990000,1.000000,0.995
102,1.000000,1.000000,1.0
